arquivo,linha_baseline,termos,classificacao,tratamento,trecho_original
README.md,8,piloto,documentação corrente desatualizada,Atualizada a seção Estado do estudo com recibo e confirmação de 15/09/2026.,"O protocolo atual é o **2.1.0**. A amostra piloto reúne Ultralytics, PyMC Marketing e"
README.md,10,A seleção definitiva,documentação corrente desatualizada,"Revisão dos casos, taxonomia e interpretação confirmadas no estado atual.","A seleção definitiva, a validação da taxonomia e a interpretação qualitativa ainda"
README.md,12,aguarda avaliação,documentação corrente desatualizada,Atualizada a seção Estado do estudo com recibo e confirmação de 15/09/2026.,"humana (91,1%); a 1.2.0 aguarda avaliação, conforme o [dossiê DM-027](docs/DM027_TAXONOMIA_1_2_0.md)."
README.md,172,scientific_result_accepted,erro factual,Corrigida descrição corrente: G14/G15 implementados; aceite agregado no recibo final.,`scientific_result_accepted` permanece falso e a saída permanece 1 enquanto G14
README.md,184,pendentes,histórico legítimo,"Preservado; exemplo operacional ou estado de consultas, sem pendência científica.","bloqueio persistir, a execução preserva os resultados e registra os itens pendentes"
RELATORIO_FECHAMENTO_DM027.md,21,pending,ambígua,Bytes preservados; temporalidade e cópia confirmada explicitadas no índice de evidências e estado final.,"Concordância: **173/180 (96.11%)**. Limiar atingido: **sim**. Aprovação científica: **não**, pois a revisão é `draft_pending_confirmation`. O mascaramento removeu as predições individuais; isso não transforma o julgamento de referência em avaliação humana independente."
RELATORIO_FECHAMENTO_DM027.md,86,scientific_result_accepted,ambígua,Bytes preservados; temporalidade e cópia confirmada explicitadas no índice de evidências e estado final.,"**Pacote candidato científico:** não emitido antes da confirmação; não há checksum a atribuir. **Recibo final de aceite:** será escrito em um novo diretório `fechamento_confirmado_<UTC>/recibo_final.json` pelo comando abaixo. O recibo de pré-confirmação existente registra `scientific_result_accepted: false`, sem substituir o futuro recibo de aceite."
RELATORIO_FECHAMENTO_DM027.md,102,pending,ambígua,Bytes preservados; temporalidade e cópia confirmada explicitadas no índice de evidências e estado final.,| `alinhamento_academico.json` | 1 | `draft_pending_confirmation` |
RELATORIO_FECHAMENTO_DM027.md,103,pending,ambígua,Bytes preservados; temporalidade e cópia confirmada explicitadas no índice de evidências e estado final.,| `casos_revisados.json` | 3 | `draft_pending_confirmation` |
RELATORIO_FECHAMENTO_DM027.md,104,pending,ambígua,Bytes preservados; temporalidade e cópia confirmada explicitadas no índice de evidências e estado final.,| `claims_catalog.json` | 101 | `draft_pending_confirmation` |
RELATORIO_FECHAMENTO_DM027.md,105,pending,ambígua,Bytes preservados; temporalidade e cópia confirmada explicitadas no índice de evidências e estado final.,| `codificacao_revisada.csv` | 45 | `draft_pending_confirmation` |
RELATORIO_FECHAMENTO_DM027.md,106,pending,ambígua,Bytes preservados; temporalidade e cópia confirmada explicitadas no índice de evidências e estado final.,| `manuscript_review.json` | 1 | `draft_pending_confirmation` |
RELATORIO_FECHAMENTO_DM027.md,107,pending,ambígua,Bytes preservados; temporalidade e cópia confirmada explicitadas no índice de evidências e estado final.,| `taxonomia_revisada.csv` | 180 | `draft_pending_confirmation` |
RELATORIO_FECHAMENTO_DM027.md,108,pending,ambígua,Bytes preservados; temporalidade e cópia confirmada explicitadas no índice de evidências e estado final.,| `temas_emergentes.json` | 2 | `draft_pending_confirmation` |
RELATORIO_FECHAMENTO_DM027.md,110,será a fonte canônica,ambígua,Bytes preservados; temporalidade e cópia confirmada explicitadas no índice de evidências e estado final.,"Os CSVs mantêm autoria original e recebem a confirmação pelo sidecar. Os JSONs da cópia confirmada recebem responsável e data real, preservando `drafted_by`. As cópias de trabalho anteriores e os documentos originais de redação permanecem preservados. A cópia confirmada será a fonte canônica de revisão das próximas execuções."
RELATORIO_FECHAMENTO_DM027.md,153,pending,ambígua,Bytes preservados; temporalidade e cópia confirmada explicitadas no índice de evidências e estado final.,"Os estados da revisão usam terminologia neutra: `draft_pending_confirmation`, `review_requires_confirmation` e `human_confirmed`. Identificadores `draft:` apontam para registros preliminares, não para identidades pessoais. A atualização editorial não alterou rótulos, amostras, métricas ou critérios de aceite. Os hashes foram recalculados e as verificações repetidas sobre a nova versão."
config/amostra_final.yaml,7,pilot,histórico legítimo,"Preservado; registro da rodada ou etapa identificada, sem representar o aceite final.",status: pilot
config/amostra_final.yaml,12,pendentes,histórico legítimo,"Preservado; registro da rodada ou etapa identificada, sem representar o aceite final.",alinhamento acadêmico pendentes de registro pelo pesquisador
config/amostra_final.yaml,13,academic_alignment_status; pending,histórico legítimo,"Preservado; registro da rodada ou etapa identificada, sem representar o aceite final.",academic_alignment_status: pending
config/amostra_final.yaml,14,human_taxonomy_validation_status; pending,histórico legítimo,"Preservado; registro da rodada ou etapa identificada, sem representar o aceite final.",human_taxonomy_validation_status: pending
config/amostra_final.yaml,24,Piloto,histórico legítimo,"Preservado; registro da rodada ou etapa identificada, sem representar o aceite final.","selection_rationale: 'Piloto: callbacks concentrados de parâmetros, métricas e artefatos.'"
config/amostra_final.yaml,56,pending,histórico legítimo,"Preservado; registro da rodada ou etapa identificada, sem representar o aceite final.",pending_reason: Cadeia limpa e critérios técnicos conferidos. Faltam decisão humana
config/amostra_final.yaml,72,pending,histórico legítimo,"Preservado; registro da rodada ou etapa identificada, sem representar o aceite final.",human_decision_status: pending
config/amostra_final.yaml,74,piloto,histórico legítimo,"Preservado; registro da rodada ou etapa identificada, sem representar o aceite final.",technical_revision_reason: Anomalib substitui Composer na proposta piloto por elegibilidade;
config/amostra_final.yaml,75,pendentes,histórico legítimo,"Preservado; registro da rodada ou etapa identificada, sem representar o aceite final.",decisão humana e alinhamento acadêmico pendentes.
config/verification.yaml,67,pending,histórico legítimo,"Preservado; registro da rodada ou etapa identificada, sem representar o aceite final.",package_status: candidate_pending_G14_G15
docs/ALINHAMENTO_DM027.md,3,pending,ambígua,Bytes preservados; temporalidade e cópia confirmada explicitadas no índice de evidências e estado final.,Identificação da revisão: draft:dm027. Modalidade: draft_pending_confirmation.
docs/CRITERIOS_ACEITE_E_EVIDENCIAS.md,8,Rascunhos de revisão completos,ambígua,Introdução distingue confirmação concluída de registros do primeiro incremento.,`RELATORIO_FECHAMENTO_DM027.md`. Rascunhos de revisão completos continuam sujeitos
docs/CRITERIOS_ACEITE_E_EVIDENCIAS.md,48,pendente,histórico legítimo,Histórico preservado sob cabeçalho temporal e link para fechamento aceito.,casos. O alinhamento também está pendente nesses arquivos. Isso descreve os bytes
docs/CRITERIOS_ACEITE_E_EVIDENCIAS.md,83,scientific_result_accepted,histórico legítimo,Histórico preservado sob cabeçalho temporal e link para fechamento aceito.,"A importação não aprova o estudo: `scientific_result_accepted` permanece `false`,"
docs/CRITERIOS_ACEITE_E_EVIDENCIAS.md,117,ainda precisa,histórico legítimo,Histórico preservado sob cabeçalho temporal e link para fechamento aceito.,não são gabaritos para ajustar a coleta. O pesquisador ainda precisa delimitar e
docs/CRITERIOS_ACEITE_E_EVIDENCIAS.md,169,ainda precisa,histórico legítimo,Histórico preservado sob cabeçalho temporal e link para fechamento aceito.,tabelas que ainda precisam ser confrontadas com Git: podem detectar divergência
docs/CRITERIOS_ACEITE_E_EVIDENCIAS.md,177,pendentes,histórico legítimo,Histórico preservado sob cabeçalho temporal e link para fechamento aceito.,continuam pendentes. Os recibos empíricos preservam as reprovações e os critérios
docs/DECISOES_METODOLOGICAS.md,7,pendente,documentação corrente desatualizada,Corrigido estado atual; pilot explicitado como snapshot histórico.,ainda pendente de avaliação; a 1.1.0 foi reprovada na validação humana.
docs/DECISOES_METODOLOGICAS.md,81,pilot,documentação corrente desatualizada,Corrigido estado atual; pilot explicitado como snapshot histórico.,reserva. A amostra permanece `pilot` até a decisão do pesquisador.
docs/DECISOES_METODOLOGICAS.md,149,piloto,histórico legítimo,"Preservado; registro da rodada ou etapa identificada, sem representar o aceite final.","O plano de análise 1.0.0 foi registrado em 07/09/2026, após o piloto exploratório do"
docs/DECISOES_METODOLOGICAS.md,151,piloto,histórico legítimo,"Preservado; registro da rodada ou etapa identificada, sem representar o aceite final.",do piloto. A configuração normativa fica no bloco `analysis` do protocolo.
docs/DECISOES_METODOLOGICAS.md,228,piloto,histórico legítimo,"Preservado; registro da rodada ou etapa identificada, sem representar o aceite final.",MLflow e uso combinado. O piloto de 05/09 adotou o recorte MLflow no protocolo 2.0.0.
docs/DECISOES_METODOLOGICAS.md,261,pending,histórico legítimo,"Preservado; registro da rodada ou etapa identificada, sem representar o aceite final.","Novos julgamentos de referência recebem o instante real de produção, autoria `draft:dm027` e modalidade `draft_pending_confirmation`. A confirmação registra outro instante e outro agente; não substitui nem retrodata a produção. Metadados por registro ficam em sidecars para preservar os campos imutáveis e as tabelas originais. Ausência de um julgamento de papel histórico não é ausência de data: um parecer novo sobre esse papel conserva identificação da revisão preliminar."
docs/DICIONARIO_DADOS.md,318,pending; pilot,histórico legítimo,"Preservado; identificador, contrato, estado condicional ou fixture, sem declaração de estado corrente.","| `status` | Estado da proposta: `pending`, `pilot` ou `final`; não certifica o aceite. |"
docs/DICIONARIO_DADOS.md,319,piloto,histórico legítimo,"Preservado; identificador, contrato, estado condicional ou fixture, sem declaração de estado corrente.","| `selected_at_utc` | Data de preparação da seleção registrada, que pode ainda ser piloto. |"
docs/DICIONARIO_DADOS.md,325,academic_alignment_status; human_taxonomy_validation_status,histórico legítimo,"Preservado; identificador, contrato, estado condicional ou fixture, sem declaração de estado corrente.","| `academic_alignment_status`, `human_taxonomy_validation_status` | Situação das revisões declaradas. |"
docs/DICIONARIO_DADOS.md,326,pending,histórico legítimo,"Preservado; identificador, contrato, estado condicional ou fixture, sem declaração de estado corrente.","| `pending_reason`, `decision_responsibility` | Pendência e responsabilidade pelo registro técnico. |"
docs/DICIONARIO_DADOS.md,419,scientific_result_accepted,histórico legítimo,"Preservado; identificador, contrato, estado condicional ou fixture, sem declaração de estado corrente.","`study_acceptance.json` reúne `scientific_result_accepted`, `blocking_reasons` e os"
docs/DM027_TAXONOMIA_1_2_0.md,5,O fechamento e a autoria,ambígua,Cabeçalho passa a apontar para o fechamento de 15/09; histórico preservado.,"A cadeia registrada está identificada em [rodada de referência](evidencias/rodada_referencia_1_2_0.md). Mineração, métricas, índice, seleção e relatório já foram executados. As passagens abaixo sobre prévia e registro futuro são históricas. O fechamento e a autoria das novas análises estão em `RELATORIO_FECHAMENTO_DM027.md`."
docs/G14_RESTAURACAO_ISOLADA.md,78,scientific_result_accepted,histórico legítimo,"Preservado; registro da rodada ou etapa identificada, sem representar o aceite final.",`scientific_result_accepted` somente pode ser verdadeiro quando a verificação original
docs/GQM_MAPA_METRICAS.md,109,sujeita à confirmação,documentação corrente desatualizada,Esclarecida confirmação posterior e mantida distinção de aprovação institucional.,"PO1 liga-se a `code_config_cochange`; PO2 a `config_magnitude` e suas distribuições; PO3 às fichas, eventos e aos quatro indicadores `static_mlflow_*`. As demais métricas permanecem associadas às perguntas GQM originais sem resposta. O [parecer técnico](ALINHAMENTO_DM027.md) fundamenta essa delimitação e identifica identificação da revisão preliminar sujeita à confirmação, sem atribuição de aprovação institucional."
docs/INSPECAO_MANUAL_AMOSTRA.md,5,O fechamento e a autoria,ambígua,Cabeçalho passa a apontar para o fechamento de 15/09; histórico preservado.,"A cadeia registrada está identificada em [rodada de referência](evidencias/rodada_referencia_1_2_0.md). Mineração, métricas, índice, seleção e relatório já foram executados. As passagens abaixo sobre prévia e registro futuro são históricas. O fechamento e a autoria das novas análises estão em `RELATORIO_FECHAMENTO_DM027.md`."
docs/INSPECAO_MANUAL_AMOSTRA.md,10,piloto,histórico legítimo,Histórico preservado sob cabeçalho temporal e link para fechamento aceito.,"A amostra piloto reúne Ultralytics, PyMC Marketing e Anomalib. Os três apresentam"
docs/INSPECAO_MANUAL_AMOSTRA.md,13,pendentes,histórico legítimo,Histórico preservado sob cabeçalho temporal e link para fechamento aceito.,alinhamento acadêmico permanecem pendentes. Os critérios estão no
docs/INSPECAO_MANUAL_AMOSTRA.md,134,piloto,histórico legítimo,Histórico preservado sob cabeçalho temporal e link para fechamento aceito.,"O primeiro piloto Ultralytics usou o protocolo 2.0.0. Seus runs de congelamento,"
docs/INSPECAO_MANUAL_AMOSTRA.md,179,pendentes,histórico legítimo,Histórico preservado sob cabeçalho temporal e link para fechamento aceito.,"erros ou consultas pendentes. A seleção qualitativa produziu 45 eventos,"
docs/INSPECAO_MANUAL_AMOSTRA.md,193,pendente,histórico legítimo,Histórico preservado sob cabeçalho temporal e link para fechamento aceito.,"pendente, por isso o recibo não exibe a concordância."
docs/INTEGRACAO_FINALIZADOR_INCREMENTO_05.md,41,pendentes,histórico legítimo,"Preservado; registro da rodada ou etapa identificada, sem representar o aceite final.",pendentes em aprovados; alterações locais no verificador continuam reprovando G13.
docs/INTEGRACAO_FINALIZADOR_INCREMENTO_05.md,48,scientific_result_accepted; pendentes,histórico legítimo,"Preservado; registro da rodada ou etapa identificada, sem representar o aceite final.",`scientific_result_accepted=false` e G14/G15 pendentes.
docs/INTEGRACAO_FINALIZADOR_INCREMENTO_05.md,131,pendentes,histórico legítimo,"Preservado; registro da rodada ou etapa identificada, sem representar o aceite final.",recusou sua condição de worktree dirty e manteve os controles humanos pendentes.
docs/LIMITACOES_E_VALIDADE.md,69,piloto,histórico legítimo,"Preservado; registro da rodada ou etapa identificada, sem representar o aceite final.",O plano qualitativo foi definido depois do piloto exploratório do Ultralytics.
docs/MANUSCRITO_DM027.md,25,devem ser assumidas,ambígua,Bytes preservados; temporalidade e cópia confirmada explicitadas no índice de evidências e estado final.,A avaliação atual mascarou predições por unidade antes da emissão dos rótulos. O mascaramento é limitado pela conservação da ordem estratificada e pelo conhecimento anterior do método. As interpretações foram preparadas nesta rodada e devem ser assumidas pelo pesquisador por um ato final explícito; esse ato não transforma a classificação em replicação independente.
docs/REPROCESSAMENTO_E_VERIFICACAO_INCREMENTO_03.md,117,scientific_result_accepted,histórico legítimo,"Preservado; registro da rodada ou etapa identificada, sem representar o aceite final.",não equivale a `scientific_result_accepted=true`. Este último permanece falso.
docs/REPROCESSAMENTO_E_VERIFICACAO_INCREMENTO_03.md,138,pendentes,histórico legítimo,"Preservado; registro da rodada ou etapa identificada, sem representar o aceite final.",pendentes. O Make representa a saída 1 da CLI como falha da receita.
docs/VERIFICACAO_EMPIRICA_INCREMENTO_02.md,119,scientific_result_accepted,histórico legítimo,"Preservado; registro da rodada ou etapa identificada, sem representar o aceite final.",fora desse escopo. `scientific_result_accepted` permanece `false`. Este incremento
docs/VERIFICACAO_EMPIRICA_INCREMENTO_02.md,126,pendentes,histórico legítimo,"Preservado; registro da rodada ou etapa identificada, sem representar o aceite final.",da amostra podem ser conferidas mesmo enquanto os registros humanos estão pendentes.
docs/evidencias/alinhamento_academico_dm027.json,33,pending,ambígua,Bytes preservados; temporalidade e cópia confirmada explicitadas no índice de evidências e estado final.,"""review_mode"": ""draft_pending_confirmation"","
docs/evidencias/avaliacao_taxonomia_dm027.json,5,pending,histórico legítimo,"Preservado; registro da rodada ou etapa identificada, sem representar o aceite final.","""review_mode"": ""draft_pending_confirmation"","
docs/evidencias/baseline_check.txt,20,pilot_metrics,histórico legítimo,"Preservado; registro da rodada ou etapa identificada, sem representar o aceite final.",tests/test_pilot_metrics.py ..................                           [ 33%]
docs/evidencias/baseline_check.txt,21,pilot_pipeline,histórico legítimo,"Preservado; registro da rodada ou etapa identificada, sem representar o aceite final.",tests/test_pilot_pipeline.py .....                                       [ 38%]
docs/evidencias/baseline_check.txt,43,pilot,histórico legítimo,"Preservado; registro da rodada ou etapa identificada, sem representar o aceite final.","src/mlops_traceability/pilot.py                          215     16    93%   119, 125, 127, 130-132, 134, 164, 217, 234, 238, 244, 271, 278, 344-348"
docs/evidencias/casos_dm027.json,23,Piloto,ambígua,Bytes preservados; temporalidade e cópia confirmada explicitadas no índice de evidências e estado final.,"""selection_rationale"": ""Piloto: callbacks concentrados de parâmetros, métricas e artefatos."","
docs/evidencias/casos_dm027.json,53,pending,ambígua,Bytes preservados; temporalidade e cópia confirmada explicitadas no índice de evidências e estado final.,"""review_mode"": ""draft_pending_confirmation"","
docs/evidencias/casos_dm027.json,109,pending,ambígua,Bytes preservados; temporalidade e cópia confirmada explicitadas no índice de evidências e estado final.,"""review_mode"": ""draft_pending_confirmation"","
docs/evidencias/casos_dm027.json,164,pending,ambígua,Bytes preservados; temporalidade e cópia confirmada explicitadas no índice de evidências e estado final.,"""review_mode"": ""draft_pending_confirmation"","
docs/evidencias/catalogo_afirmacoes_dm027.json,19,pending,ambígua,Bytes preservados; temporalidade e cópia confirmada explicitadas no índice de evidências e estado final.,"""excerpt"": ""ultralytics/ultralytics,code_config_cochange,fa34184a5080c81fff453670394e13303ac781b2,2022-09-11T16:39:46+00:00,2026-08-30T17:38:24+00:00,0.0761002444987775,observed,,structural,,reachable eligible history,249,3272,proportion,60,2.1.0,1.2.0,20260911T204006043225Z_1ce60b65_phase5_compute_metrics,pending_human_validation"""
docs/evidencias/catalogo_afirmacoes_dm027.json,32,pending,ambígua,Bytes preservados; temporalidade e cópia confirmada explicitadas no índice de evidências e estado final.,"""review_mode"": ""draft_pending_confirmation"","
docs/evidencias/catalogo_afirmacoes_dm027.json,52,pending,ambígua,Bytes preservados; temporalidade e cópia confirmada explicitadas no índice de evidências e estado final.,"""excerpt"": ""ultralytics/ultralytics,config_magnitude,fa34184a5080c81fff453670394e13303ac781b2,2022-09-11T16:39:46+00:00,2026-08-30T17:38:24+00:00,69.3076923076923,observed,,structural,,reachable eligible history,20723,299,keys/config_commit,60,2.1.0,1.2.0,20260911T204006043225Z_1ce60b65_phase5_compute_metrics,pending_human_validation"""
docs/evidencias/catalogo_afirmacoes_dm027.json,65,pending,ambígua,Bytes preservados; temporalidade e cópia confirmada explicitadas no índice de evidências e estado final.,"""review_mode"": ""draft_pending_confirmation"","
docs/evidencias/catalogo_afirmacoes_dm027.json,85,pending,ambígua,Bytes preservados; temporalidade e cópia confirmada explicitadas no índice de evidências e estado final.,"""excerpt"": ""ultralytics/ultralytics,data_code_ratio_original,fa34184a5080c81fff453670394e13303ac781b2,2022-09-11T16:39:46+00:00,2026-08-30T17:38:24+00:00,,not_available,Dimensão D não validada para dados MLflow; DATA_META detecta DVC.,structural,dimension_not_validated,reachable eligible history,,,ratio,60,2.1.0,1.2.0,20260911T204006043225Z_1ce60b65_phase5_compute_metrics,pending_human_validation"""
docs/evidencias/catalogo_afirmacoes_dm027.json,98,pending,ambígua,Bytes preservados; temporalidade e cópia confirmada explicitadas no índice de evidências e estado final.,"""review_mode"": ""draft_pending_confirmation"","
docs/evidencias/catalogo_afirmacoes_dm027.json,118,pending,ambígua,Bytes preservados; temporalidade e cópia confirmada explicitadas no índice de evidências e estado final.,"""excerpt"": ""ultralytics/ultralytics,data_code_cochange,fa34184a5080c81fff453670394e13303ac781b2,2022-09-11T16:39:46+00:00,2026-08-30T17:38:24+00:00,,not_available,Dimensão D não validada para dados MLflow; DATA_META detecta DVC.,structural,dimension_not_validated,reachable eligible history,,,proportion,60,2.1.0,1.2.0,20260911T204006043225Z_1ce60b65_phase5_compute_metrics,pending_human_validation"""
docs/evidencias/catalogo_afirmacoes_dm027.json,131,pending,ambígua,Bytes preservados; temporalidade e cópia confirmada explicitadas no índice de evidências e estado final.,"""review_mode"": ""draft_pending_confirmation"","
docs/evidencias/catalogo_afirmacoes_dm027.json,151,pending,ambígua,Bytes preservados; temporalidade e cópia confirmada explicitadas no índice de evidências e estado final.,"""excerpt"": ""ultralytics/ultralytics,cace_index,fa34184a5080c81fff453670394e13303ac781b2,2022-09-11T16:39:46+00:00,2026-08-30T17:38:24+00:00,,not_available,Dimensão D não validada para dados MLflow; DATA_META detecta DVC.,structural,dimension_not_validated,reachable eligible history,,,proportion,60,2.1.0,1.2.0,20260911T204006043225Z_1ce60b65_phase5_compute_metrics,pending_human_validation"""
docs/evidencias/catalogo_afirmacoes_dm027.json,164,pending,ambígua,Bytes preservados; temporalidade e cópia confirmada explicitadas no índice de evidências e estado final.,"""review_mode"": ""draft_pending_confirmation"","
docs/evidencias/catalogo_afirmacoes_dm027.json,184,pending,ambígua,Bytes preservados; temporalidade e cópia confirmada explicitadas no índice de evidências e estado final.,"""excerpt"": ""ultralytics/ultralytics,provenance_coverage,fa34184a5080c81fff453670394e13303ac781b2,2022-09-11T16:39:46+00:00,2026-08-30T17:38:24+00:00,,not_available,No runs/registry source ingested; tree scan is not a runtime census.,direct,not_collected,public runtime sources not collected,,,proportion,60,2.1.0,1.2.0,20260911T204006043225Z_1ce60b65_phase5_compute_metrics,pending_human_validation"""
docs/evidencias/catalogo_afirmacoes_dm027.json,197,pending,ambígua,Bytes preservados; temporalidade e cópia confirmada explicitadas no índice de evidências e estado final.,"""review_mode"": ""draft_pending_confirmation"","
docs/evidencias/catalogo_afirmacoes_dm027.json,217,pending,ambígua,Bytes preservados; temporalidade e cópia confirmada explicitadas no índice de evidências e estado final.,"""excerpt"": ""ultralytics/ultralytics,env_versioning_rate,fa34184a5080c81fff453670394e13303ac781b2,2022-09-11T16:39:46+00:00,2026-08-30T17:38:24+00:00,,not_available,No runs/registry source ingested; tree scan is not a runtime census.,direct,not_collected,public runtime sources not collected,,,proportion,60,2.1.0,1.2.0,20260911T204006043225Z_1ce60b65_phase5_compute_metrics,pending_human_validation"""
docs/evidencias/catalogo_afirmacoes_dm027.json,230,pending,ambígua,Bytes preservados; temporalidade e cópia confirmada explicitadas no índice de evidências e estado final.,"""review_mode"": ""draft_pending_confirmation"","
docs/evidencias/catalogo_afirmacoes_dm027.json,250,pending,ambígua,Bytes preservados; temporalidade e cópia confirmada explicitadas no índice de evidências e estado final.,"""excerpt"": ""ultralytics/ultralytics,experiment_redundancy,fa34184a5080c81fff453670394e13303ac781b2,2022-09-11T16:39:46+00:00,2026-08-30T17:38:24+00:00,,not_available,No runs/registry source ingested; tree scan is not a runtime census.,direct,not_collected,public runtime sources not collected,,,runs/promoted_version,60,2.1.0,1.2.0,20260911T204006043225Z_1ce60b65_phase5_compute_metrics,pending_human_validation"""
docs/evidencias/catalogo_afirmacoes_dm027.json,263,pending,ambígua,Bytes preservados; temporalidade e cópia confirmada explicitadas no índice de evidências e estado final.,"""review_mode"": ""draft_pending_confirmation"","
docs/evidencias/catalogo_afirmacoes_dm027.json,283,pending,ambígua,Bytes preservados; temporalidade e cópia confirmada explicitadas no índice de evidências e estado final.,"""excerpt"": ""ultralytics/ultralytics,static_mlflow_param_calls,fa34184a5080c81fff453670394e13303ac781b2,2022-09-11T16:39:46+00:00,2026-08-30T17:38:24+00:00,1.0,observed,\""Candidatos sintáticos em CODE no SHA; sem inferência de execução, wrappers ou alias reatribuído.\"",proxy,,Python tree at selected SHA,1,1,syntactic_call_sites_at_sha,60,2.1.0,1.2.0,20260911T204006043225Z_1ce60b65_phase5_compute_metrics,pending_human_validation"""
docs/evidencias/catalogo_afirmacoes_dm027.json,296,pending,ambígua,Bytes preservados; temporalidade e cópia confirmada explicitadas no índice de evidências e estado final.,"""review_mode"": ""draft_pending_confirmation"","
docs/evidencias/catalogo_afirmacoes_dm027.json,316,pending,ambígua,Bytes preservados; temporalidade e cópia confirmada explicitadas no índice de evidências e estado final.,"""excerpt"": ""ultralytics/ultralytics,static_mlflow_metric_calls,fa34184a5080c81fff453670394e13303ac781b2,2022-09-11T16:39:46+00:00,2026-08-30T17:38:24+00:00,1.0,observed,\""Candidatos sintáticos em CODE no SHA; sem inferência de execução, wrappers ou alias reatribuído.\"",proxy,,Python tree at selected SHA,1,1,syntactic_call_sites_at_sha,60,2.1.0,1.2.0,20260911T204006043225Z_1ce60b65_phase5_compute_metrics,pending_human_validation"""
docs/evidencias/catalogo_afirmacoes_dm027.json,329,pending,ambígua,Bytes preservados; temporalidade e cópia confirmada explicitadas no índice de evidências e estado final.,"""review_mode"": ""draft_pending_confirmation"","
docs/evidencias/catalogo_afirmacoes_dm027.json,349,pending,ambígua,Bytes preservados; temporalidade e cópia confirmada explicitadas no índice de evidências e estado final.,"""excerpt"": ""ultralytics/ultralytics,static_mlflow_artifact_calls,fa34184a5080c81fff453670394e13303ac781b2,2022-09-11T16:39:46+00:00,2026-08-30T17:38:24+00:00,2.0,observed,\""Candidatos sintáticos em CODE no SHA; sem inferência de execução, wrappers ou alias reatribuído.\"",proxy,,Python tree at selected SHA,2,1,syntactic_call_sites_at_sha,60,2.1.0,1.2.0,20260911T204006043225Z_1ce60b65_phase5_compute_metrics,pending_human_validation"""
docs/evidencias/catalogo_afirmacoes_dm027.json,362,pending,ambígua,Bytes preservados; temporalidade e cópia confirmada explicitadas no índice de evidências e estado final.,"""review_mode"": ""draft_pending_confirmation"","
docs/evidencias/catalogo_afirmacoes_dm027.json,382,pending,ambígua,Bytes preservados; temporalidade e cópia confirmada explicitadas no índice de evidências e estado final.,"""excerpt"": ""ultralytics/ultralytics,static_mlflow_model_calls,fa34184a5080c81fff453670394e13303ac781b2,2022-09-11T16:39:46+00:00,2026-08-30T17:38:24+00:00,0.0,observed,\""Candidatos sintáticos em CODE no SHA; sem inferência de execução, wrappers ou alias reatribuído.\"",proxy,,Python tree at selected SHA,0,1,syntactic_call_sites_at_sha,60,2.1.0,1.2.0,20260911T204006043225Z_1ce60b65_phase5_compute_metrics,pending_human_validation"""
docs/evidencias/catalogo_afirmacoes_dm027.json,395,pending,ambígua,Bytes preservados; temporalidade e cópia confirmada explicitadas no índice de evidências e estado final.,"""review_mode"": ""draft_pending_confirmation"","
docs/evidencias/catalogo_afirmacoes_dm027.json,415,pending,ambígua,Bytes preservados; temporalidade e cópia confirmada explicitadas no índice de evidências e estado final.,"""excerpt"": ""pymc-labs/pymc-marketing,code_config_cochange,fabba92c96aa6a4ec6d42fb3241a8ed725995d0a,2022-03-07T15:11:29+00:00,2026-08-28T06:03:08+00:00,0.015927189988623434,observed,,structural,,reachable eligible history,14,879,proportion,249,2.1.0,1.2.0,20260911T204247182335Z_1ce60b65_phase5_compute_metrics,pending_human_validation"""
docs/evidencias/catalogo_afirmacoes_dm027.json,428,pending,ambígua,Bytes preservados; temporalidade e cópia confirmada explicitadas no índice de evidências e estado final.,"""review_mode"": ""draft_pending_confirmation"","
docs/evidencias/catalogo_afirmacoes_dm027.json,448,pending,ambígua,Bytes preservados; temporalidade e cópia confirmada explicitadas no índice de evidências e estado final.,"""excerpt"": ""pymc-labs/pymc-marketing,config_magnitude,fabba92c96aa6a4ec6d42fb3241a8ed725995d0a,2022-03-07T15:11:29+00:00,2026-08-28T06:03:08+00:00,29.3125,observed,,structural,,reachable eligible history,469,16,keys/config_commit,249,2.1.0,1.2.0,20260911T204247182335Z_1ce60b65_phase5_compute_metrics,pending_human_validation"""
docs/evidencias/catalogo_afirmacoes_dm027.json,461,pending,ambígua,Bytes preservados; temporalidade e cópia confirmada explicitadas no índice de evidências e estado final.,"""review_mode"": ""draft_pending_confirmation"","
docs/evidencias/catalogo_afirmacoes_dm027.json,481,pending,ambígua,Bytes preservados; temporalidade e cópia confirmada explicitadas no índice de evidências e estado final.,"""excerpt"": ""pymc-labs/pymc-marketing,data_code_ratio_original,fabba92c96aa6a4ec6d42fb3241a8ed725995d0a,2022-03-07T15:11:29+00:00,2026-08-28T06:03:08+00:00,,not_available,Dimensão D não validada para dados MLflow; DATA_META detecta DVC.,structural,dimension_not_validated,reachable eligible history,,,ratio,249,2.1.0,1.2.0,20260911T204247182335Z_1ce60b65_phase5_compute_metrics,pending_human_validation"""
docs/evidencias/catalogo_afirmacoes_dm027.json,494,pending,ambígua,Bytes preservados; temporalidade e cópia confirmada explicitadas no índice de evidências e estado final.,"""review_mode"": ""draft_pending_confirmation"","
docs/evidencias/catalogo_afirmacoes_dm027.json,514,pending,ambígua,Bytes preservados; temporalidade e cópia confirmada explicitadas no índice de evidências e estado final.,"""excerpt"": ""pymc-labs/pymc-marketing,data_code_cochange,fabba92c96aa6a4ec6d42fb3241a8ed725995d0a,2022-03-07T15:11:29+00:00,2026-08-28T06:03:08+00:00,,not_available,Dimensão D não validada para dados MLflow; DATA_META detecta DVC.,structural,dimension_not_validated,reachable eligible history,,,proportion,249,2.1.0,1.2.0,20260911T204247182335Z_1ce60b65_phase5_compute_metrics,pending_human_validation"""
docs/evidencias/catalogo_afirmacoes_dm027.json,527,pending,ambígua,Bytes preservados; temporalidade e cópia confirmada explicitadas no índice de evidências e estado final.,"""review_mode"": ""draft_pending_confirmation"","
docs/evidencias/catalogo_afirmacoes_dm027.json,547,pending,ambígua,Bytes preservados; temporalidade e cópia confirmada explicitadas no índice de evidências e estado final.,"""excerpt"": ""pymc-labs/pymc-marketing,cace_index,fabba92c96aa6a4ec6d42fb3241a8ed725995d0a,2022-03-07T15:11:29+00:00,2026-08-28T06:03:08+00:00,,not_available,Dimensão D não validada para dados MLflow; DATA_META detecta DVC.,structural,dimension_not_validated,reachable eligible history,,,proportion,249,2.1.0,1.2.0,20260911T204247182335Z_1ce60b65_phase5_compute_metrics,pending_human_validation"""
docs/evidencias/catalogo_afirmacoes_dm027.json,560,pending,ambígua,Bytes preservados; temporalidade e cópia confirmada explicitadas no índice de evidências e estado final.,"""review_mode"": ""draft_pending_confirmation"","
docs/evidencias/catalogo_afirmacoes_dm027.json,580,pending,ambígua,Bytes preservados; temporalidade e cópia confirmada explicitadas no índice de evidências e estado final.,"""excerpt"": ""pymc-labs/pymc-marketing,provenance_coverage,fabba92c96aa6a4ec6d42fb3241a8ed725995d0a,2022-03-07T15:11:29+00:00,2026-08-28T06:03:08+00:00,,not_available,No runs/registry source ingested; tree scan is not a runtime census.,direct,not_collected,public runtime sources not collected,,,proportion,249,2.1.0,1.2.0,20260911T204247182335Z_1ce60b65_phase5_compute_metrics,pending_human_validation"""
docs/evidencias/catalogo_afirmacoes_dm027.json,593,pending,ambígua,Bytes preservados; temporalidade e cópia confirmada explicitadas no índice de evidências e estado final.,"""review_mode"": ""draft_pending_confirmation"","
docs/evidencias/catalogo_afirmacoes_dm027.json,613,pending,ambígua,Bytes preservados; temporalidade e cópia confirmada explicitadas no índice de evidências e estado final.,"""excerpt"": ""pymc-labs/pymc-marketing,env_versioning_rate,fabba92c96aa6a4ec6d42fb3241a8ed725995d0a,2022-03-07T15:11:29+00:00,2026-08-28T06:03:08+00:00,,not_available,No runs/registry source ingested; tree scan is not a runtime census.,direct,not_collected,public runtime sources not collected,,,proportion,249,2.1.0,1.2.0,20260911T204247182335Z_1ce60b65_phase5_compute_metrics,pending_human_validation"""
docs/evidencias/catalogo_afirmacoes_dm027.json,626,pending,ambígua,Bytes preservados; temporalidade e cópia confirmada explicitadas no índice de evidências e estado final.,"""review_mode"": ""draft_pending_confirmation"","
docs/evidencias/catalogo_afirmacoes_dm027.json,646,pending,ambígua,Bytes preservados; temporalidade e cópia confirmada explicitadas no índice de evidências e estado final.,"""excerpt"": ""pymc-labs/pymc-marketing,experiment_redundancy,fabba92c96aa6a4ec6d42fb3241a8ed725995d0a,2022-03-07T15:11:29+00:00,2026-08-28T06:03:08+00:00,,not_available,No runs/registry source ingested; tree scan is not a runtime census.,direct,not_collected,public runtime sources not collected,,,runs/promoted_version,249,2.1.0,1.2.0,20260911T204247182335Z_1ce60b65_phase5_compute_metrics,pending_human_validation"""
docs/evidencias/catalogo_afirmacoes_dm027.json,659,pending,ambígua,Bytes preservados; temporalidade e cópia confirmada explicitadas no índice de evidências e estado final.,"""review_mode"": ""draft_pending_confirmation"","
docs/evidencias/catalogo_afirmacoes_dm027.json,679,pending,ambígua,Bytes preservados; temporalidade e cópia confirmada explicitadas no índice de evidências e estado final.,"""excerpt"": ""pymc-labs/pymc-marketing,static_mlflow_param_calls,fabba92c96aa6a4ec6d42fb3241a8ed725995d0a,2022-03-07T15:11:29+00:00,2026-08-28T06:03:08+00:00,24.0,observed,\""Candidatos sintáticos em CODE no SHA; sem inferência de execução, wrappers ou alias reatribuído.\"",proxy,,Python tree at selected SHA,24,1,syntactic_call_sites_at_sha,249,2.1.0,1.2.0,20260911T204247182335Z_1ce60b65_phase5_compute_metrics,pending_human_validation"""
docs/evidencias/catalogo_afirmacoes_dm027.json,692,pending,ambígua,Bytes preservados; temporalidade e cópia confirmada explicitadas no índice de evidências e estado final.,"""review_mode"": ""draft_pending_confirmation"","
docs/evidencias/catalogo_afirmacoes_dm027.json,712,pending,ambígua,Bytes preservados; temporalidade e cópia confirmada explicitadas no índice de evidências e estado final.,"""excerpt"": ""pymc-labs/pymc-marketing,static_mlflow_metric_calls,fabba92c96aa6a4ec6d42fb3241a8ed725995d0a,2022-03-07T15:11:29+00:00,2026-08-28T06:03:08+00:00,6.0,observed,\""Candidatos sintáticos em CODE no SHA; sem inferência de execução, wrappers ou alias reatribuído.\"",proxy,,Python tree at selected SHA,6,1,syntactic_call_sites_at_sha,249,2.1.0,1.2.0,20260911T204247182335Z_1ce60b65_phase5_compute_metrics,pending_human_validation"""
docs/evidencias/catalogo_afirmacoes_dm027.json,725,pending,ambígua,Bytes preservados; temporalidade e cópia confirmada explicitadas no índice de evidências e estado final.,"""review_mode"": ""draft_pending_confirmation"","
docs/evidencias/catalogo_afirmacoes_dm027.json,745,pending,ambígua,Bytes preservados; temporalidade e cópia confirmada explicitadas no índice de evidências e estado final.,"""excerpt"": ""pymc-labs/pymc-marketing,static_mlflow_artifact_calls,fabba92c96aa6a4ec6d42fb3241a8ed725995d0a,2022-03-07T15:11:29+00:00,2026-08-28T06:03:08+00:00,3.0,observed,\""Candidatos sintáticos em CODE no SHA; sem inferência de execução, wrappers ou alias reatribuído.\"",proxy,,Python tree at selected SHA,3,1,syntactic_call_sites_at_sha,249,2.1.0,1.2.0,20260911T204247182335Z_1ce60b65_phase5_compute_metrics,pending_human_validation"""
docs/evidencias/catalogo_afirmacoes_dm027.json,758,pending,ambígua,Bytes preservados; temporalidade e cópia confirmada explicitadas no índice de evidências e estado final.,"""review_mode"": ""draft_pending_confirmation"","
docs/evidencias/catalogo_afirmacoes_dm027.json,778,pending,ambígua,Bytes preservados; temporalidade e cópia confirmada explicitadas no índice de evidências e estado final.,"""excerpt"": ""pymc-labs/pymc-marketing,static_mlflow_model_calls,fabba92c96aa6a4ec6d42fb3241a8ed725995d0a,2022-03-07T15:11:29+00:00,2026-08-28T06:03:08+00:00,2.0,observed,\""Candidatos sintáticos em CODE no SHA; sem inferência de execução, wrappers ou alias reatribuído.\"",proxy,,Python tree at selected SHA,2,1,syntactic_call_sites_at_sha,249,2.1.0,1.2.0,20260911T204247182335Z_1ce60b65_phase5_compute_metrics,pending_human_validation"""
docs/evidencias/catalogo_afirmacoes_dm027.json,791,pending,ambígua,Bytes preservados; temporalidade e cópia confirmada explicitadas no índice de evidências e estado final.,"""review_mode"": ""draft_pending_confirmation"","
docs/evidencias/catalogo_afirmacoes_dm027.json,811,pending,ambígua,Bytes preservados; temporalidade e cópia confirmada explicitadas no índice de evidências e estado final.,"""excerpt"": ""open-edge-platform/anomalib,code_config_cochange,0b7fdb9dde453f6474ac93f77188f4224d442999,2021-11-26T06:00:32+00:00,2026-08-29T09:22:12+00:00,0.1721556886227545,observed,,structural,,reachable eligible history,115,668,proportion,123,2.1.0,1.2.0,20260911T204423270513Z_1ce60b65_phase5_compute_metrics,pending_human_validation"""
docs/evidencias/catalogo_afirmacoes_dm027.json,824,pending,ambígua,Bytes preservados; temporalidade e cópia confirmada explicitadas no índice de evidências e estado final.,"""review_mode"": ""draft_pending_confirmation"","
docs/evidencias/catalogo_afirmacoes_dm027.json,844,pending,ambígua,Bytes preservados; temporalidade e cópia confirmada explicitadas no índice de evidências e estado final.,"""excerpt"": ""open-edge-platform/anomalib,config_magnitude,0b7fdb9dde453f6474ac93f77188f4224d442999,2021-11-26T06:00:32+00:00,2026-08-29T09:22:12+00:00,87.921875,observed,,structural,,reachable eligible history,11254,128,keys/config_commit,123,2.1.0,1.2.0,20260911T204423270513Z_1ce60b65_phase5_compute_metrics,pending_human_validation"""
docs/evidencias/catalogo_afirmacoes_dm027.json,857,pending,ambígua,Bytes preservados; temporalidade e cópia confirmada explicitadas no índice de evidências e estado final.,"""review_mode"": ""draft_pending_confirmation"","
docs/evidencias/catalogo_afirmacoes_dm027.json,877,pending,ambígua,Bytes preservados; temporalidade e cópia confirmada explicitadas no índice de evidências e estado final.,"""excerpt"": ""open-edge-platform/anomalib,data_code_ratio_original,0b7fdb9dde453f6474ac93f77188f4224d442999,2021-11-26T06:00:32+00:00,2026-08-29T09:22:12+00:00,,not_available,Dimensão D não validada para dados MLflow; DATA_META detecta DVC.,structural,dimension_not_validated,reachable eligible history,,,ratio,123,2.1.0,1.2.0,20260911T204423270513Z_1ce60b65_phase5_compute_metrics,pending_human_validation"""
docs/evidencias/catalogo_afirmacoes_dm027.json,890,pending,ambígua,Bytes preservados; temporalidade e cópia confirmada explicitadas no índice de evidências e estado final.,"""review_mode"": ""draft_pending_confirmation"","
docs/evidencias/catalogo_afirmacoes_dm027.json,910,pending,ambígua,Bytes preservados; temporalidade e cópia confirmada explicitadas no índice de evidências e estado final.,"""excerpt"": ""open-edge-platform/anomalib,data_code_cochange,0b7fdb9dde453f6474ac93f77188f4224d442999,2021-11-26T06:00:32+00:00,2026-08-29T09:22:12+00:00,,not_available,Dimensão D não validada para dados MLflow; DATA_META detecta DVC.,structural,dimension_not_validated,reachable eligible history,,,proportion,123,2.1.0,1.2.0,20260911T204423270513Z_1ce60b65_phase5_compute_metrics,pending_human_validation"""
docs/evidencias/catalogo_afirmacoes_dm027.json,923,pending,ambígua,Bytes preservados; temporalidade e cópia confirmada explicitadas no índice de evidências e estado final.,"""review_mode"": ""draft_pending_confirmation"","
docs/evidencias/catalogo_afirmacoes_dm027.json,943,pending,ambígua,Bytes preservados; temporalidade e cópia confirmada explicitadas no índice de evidências e estado final.,"""excerpt"": ""open-edge-platform/anomalib,cace_index,0b7fdb9dde453f6474ac93f77188f4224d442999,2021-11-26T06:00:32+00:00,2026-08-29T09:22:12+00:00,,not_available,Dimensão D não validada para dados MLflow; DATA_META detecta DVC.,structural,dimension_not_validated,reachable eligible history,,,proportion,123,2.1.0,1.2.0,20260911T204423270513Z_1ce60b65_phase5_compute_metrics,pending_human_validation"""
docs/evidencias/catalogo_afirmacoes_dm027.json,956,pending,ambígua,Bytes preservados; temporalidade e cópia confirmada explicitadas no índice de evidências e estado final.,"""review_mode"": ""draft_pending_confirmation"","
docs/evidencias/catalogo_afirmacoes_dm027.json,976,pending,ambígua,Bytes preservados; temporalidade e cópia confirmada explicitadas no índice de evidências e estado final.,"""excerpt"": ""open-edge-platform/anomalib,provenance_coverage,0b7fdb9dde453f6474ac93f77188f4224d442999,2021-11-26T06:00:32+00:00,2026-08-29T09:22:12+00:00,,not_available,No runs/registry source ingested; tree scan is not a runtime census.,direct,not_collected,public runtime sources not collected,,,proportion,123,2.1.0,1.2.0,20260911T204423270513Z_1ce60b65_phase5_compute_metrics,pending_human_validation"""
docs/evidencias/catalogo_afirmacoes_dm027.json,989,pending,ambígua,Bytes preservados; temporalidade e cópia confirmada explicitadas no índice de evidências e estado final.,"""review_mode"": ""draft_pending_confirmation"","
docs/evidencias/catalogo_afirmacoes_dm027.json,1009,pending,ambígua,Bytes preservados; temporalidade e cópia confirmada explicitadas no índice de evidências e estado final.,"""excerpt"": ""open-edge-platform/anomalib,env_versioning_rate,0b7fdb9dde453f6474ac93f77188f4224d442999,2021-11-26T06:00:32+00:00,2026-08-29T09:22:12+00:00,,not_available,No runs/registry source ingested; tree scan is not a runtime census.,direct,not_collected,public runtime sources not collected,,,proportion,123,2.1.0,1.2.0,20260911T204423270513Z_1ce60b65_phase5_compute_metrics,pending_human_validation"""
docs/evidencias/catalogo_afirmacoes_dm027.json,1022,pending,ambígua,Bytes preservados; temporalidade e cópia confirmada explicitadas no índice de evidências e estado final.,"""review_mode"": ""draft_pending_confirmation"","
docs/evidencias/catalogo_afirmacoes_dm027.json,1042,pending,ambígua,Bytes preservados; temporalidade e cópia confirmada explicitadas no índice de evidências e estado final.,"""excerpt"": ""open-edge-platform/anomalib,experiment_redundancy,0b7fdb9dde453f6474ac93f77188f4224d442999,2021-11-26T06:00:32+00:00,2026-08-29T09:22:12+00:00,,not_available,No runs/registry source ingested; tree scan is not a runtime census.,direct,not_collected,public runtime sources not collected,,,runs/promoted_version,123,2.1.0,1.2.0,20260911T204423270513Z_1ce60b65_phase5_compute_metrics,pending_human_validation"""
docs/evidencias/catalogo_afirmacoes_dm027.json,1055,pending,ambígua,Bytes preservados; temporalidade e cópia confirmada explicitadas no índice de evidências e estado final.,"""review_mode"": ""draft_pending_confirmation"","
docs/evidencias/catalogo_afirmacoes_dm027.json,1075,pending,ambígua,Bytes preservados; temporalidade e cópia confirmada explicitadas no índice de evidências e estado final.,"""excerpt"": ""open-edge-platform/anomalib,static_mlflow_param_calls,0b7fdb9dde453f6474ac93f77188f4224d442999,2021-11-26T06:00:32+00:00,2026-08-29T09:22:12+00:00,0.0,observed,\""Candidatos sintáticos em CODE no SHA; sem inferência de execução, wrappers ou alias reatribuído.\"",proxy,,Python tree at selected SHA,0,1,syntactic_call_sites_at_sha,123,2.1.0,1.2.0,20260911T204423270513Z_1ce60b65_phase5_compute_metrics,pending_human_validation"""
docs/evidencias/catalogo_afirmacoes_dm027.json,1088,pending,ambígua,Bytes preservados; temporalidade e cópia confirmada explicitadas no índice de evidências e estado final.,"""review_mode"": ""draft_pending_confirmation"","
docs/evidencias/catalogo_afirmacoes_dm027.json,1108,pending,ambígua,Bytes preservados; temporalidade e cópia confirmada explicitadas no índice de evidências e estado final.,"""excerpt"": ""open-edge-platform/anomalib,static_mlflow_metric_calls,0b7fdb9dde453f6474ac93f77188f4224d442999,2021-11-26T06:00:32+00:00,2026-08-29T09:22:12+00:00,0.0,observed,\""Candidatos sintáticos em CODE no SHA; sem inferência de execução, wrappers ou alias reatribuído.\"",proxy,,Python tree at selected SHA,0,1,syntactic_call_sites_at_sha,123,2.1.0,1.2.0,20260911T204423270513Z_1ce60b65_phase5_compute_metrics,pending_human_validation"""
docs/evidencias/catalogo_afirmacoes_dm027.json,1121,pending,ambígua,Bytes preservados; temporalidade e cópia confirmada explicitadas no índice de evidências e estado final.,"""review_mode"": ""draft_pending_confirmation"","
docs/evidencias/catalogo_afirmacoes_dm027.json,1141,pending,ambígua,Bytes preservados; temporalidade e cópia confirmada explicitadas no índice de evidências e estado final.,"""excerpt"": ""open-edge-platform/anomalib,static_mlflow_artifact_calls,0b7fdb9dde453f6474ac93f77188f4224d442999,2021-11-26T06:00:32+00:00,2026-08-29T09:22:12+00:00,0.0,observed,\""Candidatos sintáticos em CODE no SHA; sem inferência de execução, wrappers ou alias reatribuído.\"",proxy,,Python tree at selected SHA,0,1,syntactic_call_sites_at_sha,123,2.1.0,1.2.0,20260911T204423270513Z_1ce60b65_phase5_compute_metrics,pending_human_validation"""
docs/evidencias/catalogo_afirmacoes_dm027.json,1154,pending,ambígua,Bytes preservados; temporalidade e cópia confirmada explicitadas no índice de evidências e estado final.,"""review_mode"": ""draft_pending_confirmation"","
docs/evidencias/catalogo_afirmacoes_dm027.json,1174,pending,ambígua,Bytes preservados; temporalidade e cópia confirmada explicitadas no índice de evidências e estado final.,"""excerpt"": ""open-edge-platform/anomalib,static_mlflow_model_calls,0b7fdb9dde453f6474ac93f77188f4224d442999,2021-11-26T06:00:32+00:00,2026-08-29T09:22:12+00:00,0.0,observed,\""Candidatos sintáticos em CODE no SHA; sem inferência de execução, wrappers ou alias reatribuído.\"",proxy,,Python tree at selected SHA,0,1,syntactic_call_sites_at_sha,123,2.1.0,1.2.0,20260911T204423270513Z_1ce60b65_phase5_compute_metrics,pending_human_validation"""
docs/evidencias/catalogo_afirmacoes_dm027.json,1187,pending,ambígua,Bytes preservados; temporalidade e cópia confirmada explicitadas no índice de evidências e estado final.,"""review_mode"": ""draft_pending_confirmation"","
docs/evidencias/catalogo_afirmacoes_dm027.json,1222,pending,ambígua,Bytes preservados; temporalidade e cópia confirmada explicitadas no índice de evidências e estado final.,"""review_mode"": ""draft_pending_confirmation"","
docs/evidencias/catalogo_afirmacoes_dm027.json,1258,pending,ambígua,Bytes preservados; temporalidade e cópia confirmada explicitadas no índice de evidências e estado final.,"""review_mode"": ""draft_pending_confirmation"","
docs/evidencias/catalogo_afirmacoes_dm027.json,1294,pending,ambígua,Bytes preservados; temporalidade e cópia confirmada explicitadas no índice de evidências e estado final.,"""review_mode"": ""draft_pending_confirmation"","
docs/evidencias/catalogo_afirmacoes_dm027.json,1330,pending,ambígua,Bytes preservados; temporalidade e cópia confirmada explicitadas no índice de evidências e estado final.,"""review_mode"": ""draft_pending_confirmation"","
docs/evidencias/catalogo_afirmacoes_dm027.json,1366,pending,ambígua,Bytes preservados; temporalidade e cópia confirmada explicitadas no índice de evidências e estado final.,"""review_mode"": ""draft_pending_confirmation"","
docs/evidencias/catalogo_afirmacoes_dm027.json,1403,pending,ambígua,Bytes preservados; temporalidade e cópia confirmada explicitadas no índice de evidências e estado final.,"""review_mode"": ""draft_pending_confirmation"","
docs/evidencias/catalogo_afirmacoes_dm027.json,1439,pending,ambígua,Bytes preservados; temporalidade e cópia confirmada explicitadas no índice de evidências e estado final.,"""review_mode"": ""draft_pending_confirmation"","
docs/evidencias/catalogo_afirmacoes_dm027.json,1475,pending,ambígua,Bytes preservados; temporalidade e cópia confirmada explicitadas no índice de evidências e estado final.,"""review_mode"": ""draft_pending_confirmation"","
docs/evidencias/catalogo_afirmacoes_dm027.json,1511,pending,ambígua,Bytes preservados; temporalidade e cópia confirmada explicitadas no índice de evidências e estado final.,"""review_mode"": ""draft_pending_confirmation"","
docs/evidencias/catalogo_afirmacoes_dm027.json,1547,pending,ambígua,Bytes preservados; temporalidade e cópia confirmada explicitadas no índice de evidências e estado final.,"""review_mode"": ""draft_pending_confirmation"","
docs/evidencias/catalogo_afirmacoes_dm027.json,1583,pending,ambígua,Bytes preservados; temporalidade e cópia confirmada explicitadas no índice de evidências e estado final.,"""review_mode"": ""draft_pending_confirmation"","
docs/evidencias/catalogo_afirmacoes_dm027.json,1615,pending,ambígua,Bytes preservados; temporalidade e cópia confirmada explicitadas no índice de evidências e estado final.,"""review_mode"": ""draft_pending_confirmation"","
docs/evidencias/catalogo_afirmacoes_dm027.json,1647,pending,ambígua,Bytes preservados; temporalidade e cópia confirmada explicitadas no índice de evidências e estado final.,"""review_mode"": ""draft_pending_confirmation"","
docs/evidencias/catalogo_afirmacoes_dm027.json,1679,pending,ambígua,Bytes preservados; temporalidade e cópia confirmada explicitadas no índice de evidências e estado final.,"""review_mode"": ""draft_pending_confirmation"","
docs/evidencias/catalogo_afirmacoes_dm027.json,1718,pending,ambígua,Bytes preservados; temporalidade e cópia confirmada explicitadas no índice de evidências e estado final.,"""review_mode"": ""draft_pending_confirmation"","
docs/evidencias/catalogo_afirmacoes_dm027.json,1747,pending,ambígua,Bytes preservados; temporalidade e cópia confirmada explicitadas no índice de evidências e estado final.,"""review_mode"": ""draft_pending_confirmation"","
docs/evidencias/catalogo_afirmacoes_dm027.json,1776,pending,ambígua,Bytes preservados; temporalidade e cópia confirmada explicitadas no índice de evidências e estado final.,"""review_mode"": ""draft_pending_confirmation"","
docs/evidencias/catalogo_afirmacoes_dm027.json,1805,pending,ambígua,Bytes preservados; temporalidade e cópia confirmada explicitadas no índice de evidências e estado final.,"""review_mode"": ""draft_pending_confirmation"","
docs/evidencias/catalogo_afirmacoes_dm027.json,1845,pending,ambígua,Bytes preservados; temporalidade e cópia confirmada explicitadas no índice de evidências e estado final.,"""review_mode"": ""draft_pending_confirmation"","
docs/evidencias/catalogo_afirmacoes_dm027.json,1885,pending,ambígua,Bytes preservados; temporalidade e cópia confirmada explicitadas no índice de evidências e estado final.,"""review_mode"": ""draft_pending_confirmation"","
docs/evidencias/catalogo_afirmacoes_dm027.json,1925,pending,ambígua,Bytes preservados; temporalidade e cópia confirmada explicitadas no índice de evidências e estado final.,"""review_mode"": ""draft_pending_confirmation"","
docs/evidencias/catalogo_afirmacoes_dm027.json,1965,pending,ambígua,Bytes preservados; temporalidade e cópia confirmada explicitadas no índice de evidências e estado final.,"""review_mode"": ""draft_pending_confirmation"","
docs/evidencias/catalogo_afirmacoes_dm027.json,2005,pending,ambígua,Bytes preservados; temporalidade e cópia confirmada explicitadas no índice de evidências e estado final.,"""review_mode"": ""draft_pending_confirmation"","
docs/evidencias/catalogo_afirmacoes_dm027.json,2045,pending,ambígua,Bytes preservados; temporalidade e cópia confirmada explicitadas no índice de evidências e estado final.,"""review_mode"": ""draft_pending_confirmation"","
docs/evidencias/catalogo_afirmacoes_dm027.json,2085,pending,ambígua,Bytes preservados; temporalidade e cópia confirmada explicitadas no índice de evidências e estado final.,"""review_mode"": ""draft_pending_confirmation"","
docs/evidencias/catalogo_afirmacoes_dm027.json,2125,pending,ambígua,Bytes preservados; temporalidade e cópia confirmada explicitadas no índice de evidências e estado final.,"""review_mode"": ""draft_pending_confirmation"","
docs/evidencias/catalogo_afirmacoes_dm027.json,2165,pending,ambígua,Bytes preservados; temporalidade e cópia confirmada explicitadas no índice de evidências e estado final.,"""review_mode"": ""draft_pending_confirmation"","
docs/evidencias/catalogo_afirmacoes_dm027.json,2205,pending,ambígua,Bytes preservados; temporalidade e cópia confirmada explicitadas no índice de evidências e estado final.,"""review_mode"": ""draft_pending_confirmation"","
docs/evidencias/catalogo_afirmacoes_dm027.json,2245,pending,ambígua,Bytes preservados; temporalidade e cópia confirmada explicitadas no índice de evidências e estado final.,"""review_mode"": ""draft_pending_confirmation"","
docs/evidencias/catalogo_afirmacoes_dm027.json,2285,pending,ambígua,Bytes preservados; temporalidade e cópia confirmada explicitadas no índice de evidências e estado final.,"""review_mode"": ""draft_pending_confirmation"","
docs/evidencias/catalogo_afirmacoes_dm027.json,2325,pending,ambígua,Bytes preservados; temporalidade e cópia confirmada explicitadas no índice de evidências e estado final.,"""review_mode"": ""draft_pending_confirmation"","
docs/evidencias/catalogo_afirmacoes_dm027.json,2365,pending,ambígua,Bytes preservados; temporalidade e cópia confirmada explicitadas no índice de evidências e estado final.,"""review_mode"": ""draft_pending_confirmation"","
docs/evidencias/catalogo_afirmacoes_dm027.json,2405,pending,ambígua,Bytes preservados; temporalidade e cópia confirmada explicitadas no índice de evidências e estado final.,"""review_mode"": ""draft_pending_confirmation"","
docs/evidencias/catalogo_afirmacoes_dm027.json,2445,pending,ambígua,Bytes preservados; temporalidade e cópia confirmada explicitadas no índice de evidências e estado final.,"""review_mode"": ""draft_pending_confirmation"","
docs/evidencias/catalogo_afirmacoes_dm027.json,2485,pending,ambígua,Bytes preservados; temporalidade e cópia confirmada explicitadas no índice de evidências e estado final.,"""review_mode"": ""draft_pending_confirmation"","
docs/evidencias/catalogo_afirmacoes_dm027.json,2525,pending,ambígua,Bytes preservados; temporalidade e cópia confirmada explicitadas no índice de evidências e estado final.,"""review_mode"": ""draft_pending_confirmation"","
docs/evidencias/catalogo_afirmacoes_dm027.json,2565,pending,ambígua,Bytes preservados; temporalidade e cópia confirmada explicitadas no índice de evidências e estado final.,"""review_mode"": ""draft_pending_confirmation"","
docs/evidencias/catalogo_afirmacoes_dm027.json,2605,pending,ambígua,Bytes preservados; temporalidade e cópia confirmada explicitadas no índice de evidências e estado final.,"""review_mode"": ""draft_pending_confirmation"","
docs/evidencias/catalogo_afirmacoes_dm027.json,2645,pending,ambígua,Bytes preservados; temporalidade e cópia confirmada explicitadas no índice de evidências e estado final.,"""review_mode"": ""draft_pending_confirmation"","
docs/evidencias/catalogo_afirmacoes_dm027.json,2685,pending,ambígua,Bytes preservados; temporalidade e cópia confirmada explicitadas no índice de evidências e estado final.,"""review_mode"": ""draft_pending_confirmation"","
docs/evidencias/catalogo_afirmacoes_dm027.json,2725,pending,ambígua,Bytes preservados; temporalidade e cópia confirmada explicitadas no índice de evidências e estado final.,"""review_mode"": ""draft_pending_confirmation"","
docs/evidencias/catalogo_afirmacoes_dm027.json,2765,pending,ambígua,Bytes preservados; temporalidade e cópia confirmada explicitadas no índice de evidências e estado final.,"""review_mode"": ""draft_pending_confirmation"","
docs/evidencias/catalogo_afirmacoes_dm027.json,2805,pending,ambígua,Bytes preservados; temporalidade e cópia confirmada explicitadas no índice de evidências e estado final.,"""review_mode"": ""draft_pending_confirmation"","
docs/evidencias/catalogo_afirmacoes_dm027.json,2845,pending,ambígua,Bytes preservados; temporalidade e cópia confirmada explicitadas no índice de evidências e estado final.,"""review_mode"": ""draft_pending_confirmation"","
docs/evidencias/catalogo_afirmacoes_dm027.json,2885,pending,ambígua,Bytes preservados; temporalidade e cópia confirmada explicitadas no índice de evidências e estado final.,"""review_mode"": ""draft_pending_confirmation"","
docs/evidencias/catalogo_afirmacoes_dm027.json,2925,pending,ambígua,Bytes preservados; temporalidade e cópia confirmada explicitadas no índice de evidências e estado final.,"""review_mode"": ""draft_pending_confirmation"","
docs/evidencias/catalogo_afirmacoes_dm027.json,2965,pending,ambígua,Bytes preservados; temporalidade e cópia confirmada explicitadas no índice de evidências e estado final.,"""review_mode"": ""draft_pending_confirmation"","
docs/evidencias/catalogo_afirmacoes_dm027.json,3005,pending,ambígua,Bytes preservados; temporalidade e cópia confirmada explicitadas no índice de evidências e estado final.,"""review_mode"": ""draft_pending_confirmation"","
docs/evidencias/catalogo_afirmacoes_dm027.json,3045,pending,ambígua,Bytes preservados; temporalidade e cópia confirmada explicitadas no índice de evidências e estado final.,"""review_mode"": ""draft_pending_confirmation"","
docs/evidencias/catalogo_afirmacoes_dm027.json,3085,pending,ambígua,Bytes preservados; temporalidade e cópia confirmada explicitadas no índice de evidências e estado final.,"""review_mode"": ""draft_pending_confirmation"","
docs/evidencias/catalogo_afirmacoes_dm027.json,3125,pending,ambígua,Bytes preservados; temporalidade e cópia confirmada explicitadas no índice de evidências e estado final.,"""review_mode"": ""draft_pending_confirmation"","
docs/evidencias/catalogo_afirmacoes_dm027.json,3165,pending,ambígua,Bytes preservados; temporalidade e cópia confirmada explicitadas no índice de evidências e estado final.,"""review_mode"": ""draft_pending_confirmation"","
docs/evidencias/catalogo_afirmacoes_dm027.json,3205,pending,ambígua,Bytes preservados; temporalidade e cópia confirmada explicitadas no índice de evidências e estado final.,"""review_mode"": ""draft_pending_confirmation"","
docs/evidencias/catalogo_afirmacoes_dm027.json,3245,pending,ambígua,Bytes preservados; temporalidade e cópia confirmada explicitadas no índice de evidências e estado final.,"""review_mode"": ""draft_pending_confirmation"","
docs/evidencias/catalogo_afirmacoes_dm027.json,3285,pending,ambígua,Bytes preservados; temporalidade e cópia confirmada explicitadas no índice de evidências e estado final.,"""review_mode"": ""draft_pending_confirmation"","
docs/evidencias/catalogo_afirmacoes_dm027.json,3325,pending,ambígua,Bytes preservados; temporalidade e cópia confirmada explicitadas no índice de evidências e estado final.,"""review_mode"": ""draft_pending_confirmation"","
docs/evidencias/catalogo_afirmacoes_dm027.json,3365,pending,ambígua,Bytes preservados; temporalidade e cópia confirmada explicitadas no índice de evidências e estado final.,"""review_mode"": ""draft_pending_confirmation"","
docs/evidencias/catalogo_afirmacoes_dm027.json,3405,pending,ambígua,Bytes preservados; temporalidade e cópia confirmada explicitadas no índice de evidências e estado final.,"""review_mode"": ""draft_pending_confirmation"","
docs/evidencias/catalogo_afirmacoes_dm027.json,3445,pending,ambígua,Bytes preservados; temporalidade e cópia confirmada explicitadas no índice de evidências e estado final.,"""review_mode"": ""draft_pending_confirmation"","
docs/evidencias/catalogo_afirmacoes_dm027.json,3485,pending,ambígua,Bytes preservados; temporalidade e cópia confirmada explicitadas no índice de evidências e estado final.,"""review_mode"": ""draft_pending_confirmation"","
docs/evidencias/catalogo_afirmacoes_dm027.json,3525,pending,ambígua,Bytes preservados; temporalidade e cópia confirmada explicitadas no índice de evidências e estado final.,"""review_mode"": ""draft_pending_confirmation"","
docs/evidencias/catalogo_afirmacoes_dm027.json,3565,pending,ambígua,Bytes preservados; temporalidade e cópia confirmada explicitadas no índice de evidências e estado final.,"""review_mode"": ""draft_pending_confirmation"","
docs/evidencias/catalogo_afirmacoes_dm027.json,3605,pending,ambígua,Bytes preservados; temporalidade e cópia confirmada explicitadas no índice de evidências e estado final.,"""review_mode"": ""draft_pending_confirmation"","
docs/evidencias/catalogo_afirmacoes_dm027.json,3639,pending,ambígua,Bytes preservados; temporalidade e cópia confirmada explicitadas no índice de evidências e estado final.,"""review_mode"": ""draft_pending_confirmation"","
docs/evidencias/catalogo_afirmacoes_dm027.json,3673,pending,ambígua,Bytes preservados; temporalidade e cópia confirmada explicitadas no índice de evidências e estado final.,"""review_mode"": ""draft_pending_confirmation"","
docs/evidencias/catalogo_afirmacoes_inicial.json,8,pendente,histórico legítimo,"Preservado; registro da rodada ou etapa identificada, sem representar o aceite final.","""statement"": ""O registro histórico de ultralytics/ultralytics no SHA fa34184a5080c81fff453670394e13303ac781b2 informa C/P = 224/3220; pendente de dupla conferência."","
docs/evidencias/catalogo_afirmacoes_inicial.json,40,pendente,histórico legítimo,"Preservado; registro da rodada ou etapa identificada, sem representar o aceite final.","""statement"": ""O registro histórico de ultralytics/ultralytics no SHA fa34184a5080c81fff453670394e13303ac781b2 informa magnitude CONFIG = 8136/276; pendente de dupla conferência."","
docs/evidencias/catalogo_afirmacoes_inicial.json,72,pendente,histórico legítimo,"Preservado; registro da rodada ou etapa identificada, sem representar o aceite final.","""statement"": ""O registro histórico de pymc-labs/pymc-marketing no SHA fabba92c96aa6a4ec6d42fb3241a8ed725995d0a informa C/P = 14/876; pendente de dupla conferência."","
docs/evidencias/catalogo_afirmacoes_inicial.json,104,pendente,histórico legítimo,"Preservado; registro da rodada ou etapa identificada, sem representar o aceite final.","""statement"": ""O registro histórico de pymc-labs/pymc-marketing no SHA fabba92c96aa6a4ec6d42fb3241a8ed725995d0a informa magnitude CONFIG = 469/16; pendente de dupla conferência."","
docs/evidencias/catalogo_afirmacoes_inicial.json,136,pendente,histórico legítimo,"Preservado; registro da rodada ou etapa identificada, sem representar o aceite final.","""statement"": ""O registro histórico de open-edge-platform/anomalib no SHA 0b7fdb9dde453f6474ac93f77188f4224d442999 informa C/P = 108/668; pendente de dupla conferência."","
docs/evidencias/catalogo_afirmacoes_inicial.json,168,pendente,histórico legítimo,"Preservado; registro da rodada ou etapa identificada, sem representar o aceite final.","""statement"": ""O registro histórico de open-edge-platform/anomalib no SHA 0b7fdb9dde453f6474ac93f77188f4224d442999 informa magnitude CONFIG = 10883/119; pendente de dupla conferência."","
docs/evidencias/comandos_reprocessamento_incremento_03.txt,26,scientific_result_accepted,histórico legítimo,"Preservado; registro da rodada ou etapa identificada, sem representar o aceite final.","receipt = {'created_at_utc': datetime.now(UTC).isoformat(), 'scientific_result_accepted': False,"
docs/evidencias/comandos_reprocessamento_incremento_03.txt,145,pending,histórico legítimo,"Preservado; registro da rodada ou etapa identificada, sem representar o aceite final.",assert new_case['preparation_by'] == 'Automated technical preparation; human review pending'
docs/evidencias/dm026_fontes.json,7,scientific_result_accepted,histórico legítimo,"Preservado; registro da rodada ou etapa identificada, sem representar o aceite final.","""scientific_result_accepted"": false,"
docs/evidencias/dm026_impacto.json,3,scientific_result_accepted,histórico legítimo,"Preservado; registro da rodada ou etapa identificada, sem representar o aceite final.","""scientific_result_accepted"": false,"
docs/evidencias/dm027_impacto.json,4,scientific_result_accepted,histórico legítimo,"Preservado; registro da rodada ou etapa identificada, sem representar o aceite final.","""scientific_result_accepted"": false,"
docs/evidencias/importacao_revisoes_inicial.json,7,scientific_result_accepted,histórico legítimo,"Preservado; registro da rodada ou etapa identificada, sem representar o aceite final.","""scientific_result_accepted"": false,"
docs/evidencias/integracao_finalizador_incremento_05.json,26,scientific_result_accepted,histórico legítimo,"Preservado; registro da rodada ou etapa identificada, sem representar o aceite final.","""scientific_result_accepted"": false,"
docs/evidencias/integracao_finalizador_incremento_05.json,89,piloto,histórico legítimo,"Preservado; registro da rodada ou etapa identificada, sem representar o aceite final.","""data/interim/runs/20260908T003846750404Z_43a2dae0_phase5_compute_metrics/piloto.md"": ""61f7a0afced96af3eaa746793184342d9b99db21c6d958de0f9385931a123dc1"","
docs/evidencias/integracao_finalizador_incremento_05.json,109,piloto,histórico legítimo,"Preservado; registro da rodada ou etapa identificada, sem representar o aceite final.","""data/interim/runs/20260909T144621249616Z_af5a0048_phase5_compute_metrics/piloto.md"": ""fd78d2fc52463b9f949c679cc4f21f02e679c5ce0242476630c2feedc95eb89e"","
docs/evidencias/integracao_finalizador_incremento_05.json,129,piloto,histórico legítimo,"Preservado; registro da rodada ou etapa identificada, sem representar o aceite final.","""data/interim/runs/20260908T004255518258Z_43a2dae0_phase5_compute_metrics/piloto.md"": ""d4736f69b97ebd1240c7f91437f38a38ed8b83ac5e818c62b9baac1f593306bd"","
docs/evidencias/integracao_finalizador_incremento_05.json,359,Pending,histórico legítimo,"Preservado; registro da rodada ou etapa identificada, sem representar o aceite final.","""method"": ""Pending implementation or evidence"","
docs/evidencias/integracao_finalizador_incremento_05.json,1663,Pending,histórico legítimo,"Preservado; registro da rodada ou etapa identificada, sem representar o aceite final.","""method"": ""Pending implementation or evidence"","
docs/evidencias/integracao_finalizador_incremento_05.json,1686,Pending,histórico legítimo,"Preservado; registro da rodada ou etapa identificada, sem representar o aceite final.","""method"": ""Pending implementation or evidence"","
docs/evidencias/integracao_finalizador_incremento_05.json,1779,Pending,histórico legítimo,"Preservado; registro da rodada ou etapa identificada, sem representar o aceite final.","""method"": ""Pending implementation or evidence"","
docs/evidencias/integracao_finalizador_incremento_05.json,1788,Pending,histórico legítimo,"Preservado; registro da rodada ou etapa identificada, sem representar o aceite final.","""method"": ""Pending implementation or evidence"","
docs/evidencias/integracao_finalizador_incremento_05.json,1823,scientific_result_accepted,histórico legítimo,"Preservado; registro da rodada ou etapa identificada, sem representar o aceite final.","""scientific_result_accepted"": false,"
docs/evidencias/integracao_finalizador_incremento_05.json,1838,scientific_result_accepted,histórico legítimo,"Preservado; registro da rodada ou etapa identificada, sem representar o aceite final.","""scientific_result_accepted"": false,"
docs/evidencias/integracao_finalizador_incremento_05.json,1841,pending,histórico legítimo,"Preservado; registro da rodada ou etapa identificada, sem representar o aceite final.","""case_selection_pending_or_ineligible"","
docs/evidencias/integracao_finalizador_incremento_05.json,1843,pending,histórico legítimo,"Preservado; registro da rodada ou etapa identificada, sem representar o aceite final.","""academic_alignment_pending"","
docs/evidencias/integracao_finalizador_incremento_05.json,1844,pending,histórico legítimo,"Preservado; registro da rodada ou etapa identificada, sem representar o aceite final.","""qualitative_review_or_selection_pending"","
docs/evidencias/integracao_finalizador_incremento_05.json,1850,pending,histórico legítimo,"Preservado; registro da rodada ou etapa identificada, sem representar o aceite final.","""sample_status"": ""pending"","
docs/evidencias/integracao_finalizador_incremento_05.json,1851,pending,histórico legítimo,"Preservado; registro da rodada ou etapa identificada, sem representar o aceite final.","""measurement_validation_status"": ""pending"","
docs/evidencias/integracao_finalizador_incremento_05.json,1852,academic_alignment_status; pending,histórico legítimo,"Preservado; registro da rodada ou etapa identificada, sem representar o aceite final.","""academic_alignment_status"": ""pending"","
docs/evidencias/integracao_finalizador_incremento_05.json,1853,pending,histórico legítimo,"Preservado; registro da rodada ou etapa identificada, sem representar o aceite final.","""qualitative_status"": ""pending"","
docs/evidencias/integracao_finalizador_incremento_05.json,1875,scientific_result_accepted,histórico legítimo,"Preservado; registro da rodada ou etapa identificada, sem representar o aceite final.","""scientific_result_accepted"": false,"
docs/evidencias/integracao_finalizador_incremento_05.json,1892,scientific_result_accepted,histórico legítimo,"Preservado; registro da rodada ou etapa identificada, sem representar o aceite final.","""scientific_result_accepted"": false,"
docs/evidencias/integracao_finalizador_incremento_05.json,1895,pending,histórico legítimo,"Preservado; registro da rodada ou etapa identificada, sem representar o aceite final.","""case_selection_pending_or_ineligible"","
docs/evidencias/integracao_finalizador_incremento_05.json,1897,pending,histórico legítimo,"Preservado; registro da rodada ou etapa identificada, sem representar o aceite final.","""academic_alignment_pending"","
docs/evidencias/integracao_finalizador_incremento_05.json,1898,pending,histórico legítimo,"Preservado; registro da rodada ou etapa identificada, sem representar o aceite final.","""qualitative_review_or_selection_pending"","
docs/evidencias/integracao_finalizador_incremento_05.json,1904,pending,histórico legítimo,"Preservado; registro da rodada ou etapa identificada, sem representar o aceite final.","""sample_status"": ""pending"","
docs/evidencias/integracao_finalizador_incremento_05.json,1905,pending,histórico legítimo,"Preservado; registro da rodada ou etapa identificada, sem representar o aceite final.","""measurement_validation_status"": ""pending"","
docs/evidencias/integracao_finalizador_incremento_05.json,1906,academic_alignment_status; pending,histórico legítimo,"Preservado; registro da rodada ou etapa identificada, sem representar o aceite final.","""academic_alignment_status"": ""pending"","
docs/evidencias/integracao_finalizador_incremento_05.json,1907,pending,histórico legítimo,"Preservado; registro da rodada ou etapa identificada, sem representar o aceite final.","""qualitative_status"": ""pending"","
docs/evidencias/integracao_finalizador_incremento_05.json,1929,scientific_result_accepted,histórico legítimo,"Preservado; registro da rodada ou etapa identificada, sem representar o aceite final.","""scientific_result_accepted"": false,"
docs/evidencias/inventario_insumos.json,4942,piloto,histórico legítimo,"Preservado; registro da rodada ou etapa identificada, sem representar o aceite final.","""path"": ""data/interim/runs/20260905T232451762425Z_b1b31b5b_phase5_compute_metrics/piloto.md"","
docs/evidencias/inventario_insumos.json,5070,piloto,histórico legítimo,"Preservado; registro da rodada ou etapa identificada, sem representar o aceite final.","""path"": ""data/interim/runs/20260905T233337569768Z_b1b31b5b_phase5_compute_metrics/piloto.md"","
docs/evidencias/inventario_insumos.json,5462,piloto,histórico legítimo,"Preservado; registro da rodada ou etapa identificada, sem representar o aceite final.","""path"": ""data/interim/runs/20260907T221243225142Z_11e480b5_phase5_compute_metrics/piloto.md"","
docs/evidencias/inventario_insumos.json,5502,piloto,histórico legítimo,"Preservado; registro da rodada ou etapa identificada, sem representar o aceite final.","""path"": ""data/interim/runs/20260907T221256960360Z_11e480b5_phase5_compute_metrics/piloto.md"","
docs/evidencias/inventario_insumos.json,5542,piloto,histórico legítimo,"Preservado; registro da rodada ou etapa identificada, sem representar o aceite final.","""path"": ""data/interim/runs/20260907T221449301437Z_11e480b5_phase5_compute_metrics/piloto.md"","
docs/evidencias/inventario_insumos.json,6342,piloto,histórico legítimo,"Preservado; registro da rodada ou etapa identificada, sem representar o aceite final.","""path"": ""data/interim/runs/20260908T003846750404Z_43a2dae0_phase5_compute_metrics/piloto.md"","
docs/evidencias/inventario_insumos.json,6478,piloto,histórico legítimo,"Preservado; registro da rodada ou etapa identificada, sem representar o aceite final.","""path"": ""data/interim/runs/20260908T004121682111Z_43a2dae0_phase5_compute_metrics/piloto.md"","
docs/evidencias/inventario_insumos.json,6614,piloto,histórico legítimo,"Preservado; registro da rodada ou etapa identificada, sem representar o aceite final.","""path"": ""data/interim/runs/20260908T004255518258Z_43a2dae0_phase5_compute_metrics/piloto.md"","
docs/evidencias/inventario_insumos.json,7062,piloto,histórico legítimo,"Preservado; registro da rodada ou etapa identificada, sem representar o aceite final.","""path"": ""data/interim/runs/20260909T144621249616Z_af5a0048_phase5_compute_metrics/piloto.md"","
docs/evidencias/inventario_insumos.json,7934,piloto,histórico legítimo,"Preservado; registro da rodada ou etapa identificada, sem representar o aceite final.","""path"": ""data/interim/runs/20260911T195304981656Z_f6fa8256_phase5_compute_metrics/piloto.md"","
docs/evidencias/inventario_insumos.json,8070,piloto,histórico legítimo,"Preservado; registro da rodada ou etapa identificada, sem representar o aceite final.","""path"": ""data/interim/runs/20260911T195543718186Z_f6fa8256_phase5_compute_metrics/piloto.md"","
docs/evidencias/inventario_insumos.json,8206,piloto,histórico legítimo,"Preservado; registro da rodada ou etapa identificada, sem representar o aceite final.","""path"": ""data/interim/runs/20260911T195717660460Z_f6fa8256_phase5_compute_metrics/piloto.md"","
docs/evidencias/inventario_insumos.json,8574,piloto,histórico legítimo,"Preservado; registro da rodada ou etapa identificada, sem representar o aceite final.","""path"": ""data/interim/runs/20260911T204006043225Z_1ce60b65_phase5_compute_metrics/piloto.md"","
docs/evidencias/inventario_insumos.json,8710,piloto,histórico legítimo,"Preservado; registro da rodada ou etapa identificada, sem representar o aceite final.","""path"": ""data/interim/runs/20260911T204247182335Z_1ce60b65_phase5_compute_metrics/piloto.md"","
docs/evidencias/inventario_insumos.json,8846,piloto,histórico legítimo,"Preservado; registro da rodada ou etapa identificada, sem representar o aceite final.","""path"": ""data/interim/runs/20260911T204423270513Z_1ce60b65_phase5_compute_metrics/piloto.md"","
docs/evidencias/log_fechamento_dm027.md,49,só será criada,ambígua,Bytes preservados; temporalidade e cópia confirmada explicitadas no índice de evidências e estado final.,só será criada pelo comando executado pelo pesquisador; os testes utilizam identidades
docs/evidencias/log_fechamento_dm027.md,55,pending,ambígua,Bytes preservados; temporalidade e cópia confirmada explicitadas no índice de evidências e estado final.,A documentação vigente usa `draft_pending_confirmation` para preparação e
docs/evidencias/matriz_criterios_inicial.json,4,scientific_result_accepted,histórico legítimo,"Preservado; registro da rodada ou etapa identificada, sem representar o aceite final.","""scientific_result_accepted"": false,"
docs/evidencias/matriz_criterios_inicial.json,40,pending,histórico legítimo,"Preservado; registro da rodada ou etapa identificada, sem representar o aceite final.","""reason"": ""source_oracle_pending"""
docs/evidencias/matriz_criterios_inicial.json,49,pending,histórico legítimo,"Preservado; registro da rodada ou etapa identificada, sem representar o aceite final.","""reason"": ""complete_mandatory_suite_pending"""
docs/evidencias/matriz_criterios_inicial.json,58,pending,histórico legítimo,"Preservado; registro da rodada ou etapa identificada, sem representar o aceite final.","""reason"": ""empirical_git_reconciliation_pending"""
docs/evidencias/matriz_criterios_inicial.json,67,pending,histórico legítimo,"Preservado; registro da rodada ou etapa identificada, sem representar o aceite final.","""reason"": ""empirical_activity_recount_pending"""
docs/evidencias/matriz_criterios_inicial.json,76,pending,histórico legítimo,"Preservado; registro da rodada ou etapa identificada, sem representar o aceite final.","""reason"": ""completed_reviews_and_blob_crosscheck_pending"""
docs/evidencias/matriz_criterios_inicial.json,85,pending,histórico legítimo,"Preservado; registro da rodada ou etapa identificada, sem representar o aceite final.","""reason"": ""empirical_double_check_pending"""
docs/evidencias/matriz_criterios_inicial.json,94,pending,histórico legítimo,"Preservado; registro da rodada ou etapa identificada, sem representar o aceite final.","""reason"": ""independent_descriptive_oracle_pending"""
docs/evidencias/matriz_criterios_inicial.json,103,pending,histórico legítimo,"Preservado; registro da rodada ou etapa identificada, sem representar o aceite final.","""reason"": ""independent_selection_oracle_pending"""
docs/evidencias/matriz_criterios_inicial.json,112,pending,histórico legítimo,"Preservado; registro da rodada ou etapa identificada, sem representar o aceite final.","""reason"": ""central_claim_evidence_resolution_pending"""
docs/evidencias/matriz_criterios_inicial.json,130,pending,histórico legítimo,"Preservado; registro da rodada ou etapa identificada, sem representar o aceite final.","""reason"": ""finalization_integration_pending"""
docs/evidencias/matriz_criterios_inicial.json,139,pending,histórico legítimo,"Preservado; registro da rodada ou etapa identificada, sem representar o aceite final.","""reason"": ""candidate_package_and_isolated_reproduction_pending"""
docs/evidencias/matriz_criterios_inicial.json,148,pending,histórico legítimo,"Preservado; registro da rodada ou etapa identificada, sem representar o aceite final.","""reason"": ""author_review_pending"""
docs/evidencias/parecer_manuscrito_dm027.json,123,pending,ambígua,Bytes preservados; temporalidade e cópia confirmada explicitadas no índice de evidências e estado final.,"""review_mode"": ""draft_pending_confirmation"","
docs/evidencias/parecer_quality.txt,20,pilot_metrics,histórico legítimo,"Preservado; registro da rodada ou etapa identificada, sem representar o aceite final.",tests/test_pilot_metrics.py ..................                           [ 30%]
docs/evidencias/parecer_quality.txt,21,pilot_pipeline,histórico legítimo,"Preservado; registro da rodada ou etapa identificada, sem representar o aceite final.",tests/test_pilot_pipeline.py .....                                       [ 34%]
docs/evidencias/parecer_quality.txt,46,pilot,histórico legítimo,"Preservado; registro da rodada ou etapa identificada, sem representar o aceite final.","src/mlops_traceability/pilot.py                          231     16    93%   119, 125, 127, 130-132, 134, 220, 227, 249, 255, 277, 287, 350-352, 359"
docs/evidencias/regressao_blob_tree_incremento_02.json,14,scientific_result_accepted,histórico legítimo,"Preservado; registro da rodada ou etapa identificada, sem representar o aceite final.","""scientific_result_accepted"": false"
docs/evidencias/reprocessamento_incremento_03.json,3,scientific_result_accepted,histórico legítimo,"Preservado; registro da rodada ou etapa identificada, sem representar o aceite final.","""scientific_result_accepted"": false,"
docs/evidencias/reprocessamento_incremento_03.json,251,pending,histórico legítimo,"Preservado; registro da rodada ou etapa identificada, sem representar o aceite final.","""after"": ""Automated technical preparation; human review pending"","
docs/evidencias/reprocessamento_incremento_03.json,258,pending,histórico legítimo,"Preservado; registro da rodada ou etapa identificada, sem representar o aceite final.","""after"": ""Automated technical preparation; human review pending"","
docs/evidencias/reprocessamento_incremento_03.json,265,pending,histórico legítimo,"Preservado; registro da rodada ou etapa identificada, sem representar o aceite final.","""after"": ""Automated technical preparation; human review pending"","
docs/evidencias/rodada_atual.json,345,scientific_result_accepted,ambígua,Bytes preservados; temporalidade e cópia confirmada explicitadas no índice de evidências e estado final.,"""scientific_result_accepted"": false,"
docs/evidencias/rodada_atual.json,347,pending,ambígua,Bytes preservados; temporalidade e cópia confirmada explicitadas no índice de evidências e estado final.,"""case_selection_pending_or_ineligible"","
docs/evidencias/rodada_atual.json,349,pending,ambígua,Bytes preservados; temporalidade e cópia confirmada explicitadas no índice de evidências e estado final.,"""academic_alignment_pending"","
docs/evidencias/rodada_atual.json,350,pending,ambígua,Bytes preservados; temporalidade e cópia confirmada explicitadas no índice de evidências e estado final.,"""qualitative_review_or_selection_pending"""
docs/evidencias/rodada_atual.json,353,pending,ambígua,Bytes preservados; temporalidade e cópia confirmada explicitadas no índice de evidências e estado final.,"""sample_status"": ""pending"","
docs/evidencias/rodada_atual.json,354,pending,ambígua,Bytes preservados; temporalidade e cópia confirmada explicitadas no índice de evidências e estado final.,"""measurement_validation_status"": ""pending"","
docs/evidencias/rodada_atual.json,355,academic_alignment_status; pending,ambígua,Bytes preservados; temporalidade e cópia confirmada explicitadas no índice de evidências e estado final.,"""academic_alignment_status"": ""pending"","
docs/evidencias/rodada_atual.json,356,pending,ambígua,Bytes preservados; temporalidade e cópia confirmada explicitadas no índice de evidências e estado final.,"""qualitative_status"": ""pending"","
docs/evidencias/rodada_atual.json,387,scientific_result_accepted,ambígua,Bytes preservados; temporalidade e cópia confirmada explicitadas no índice de evidências e estado final.,"""scientific_result_accepted"": false"
docs/evidencias/rodada_referencia_1_2_0.json,151,piloto,histórico legítimo,"Preservado; registro da rodada ou etapa identificada, sem representar o aceite final.","""path"": ""data/interim/runs/20260911T204006043225Z_1ce60b65_phase5_compute_metrics/piloto.md"","
docs/evidencias/rodada_referencia_1_2_0.json,311,piloto,histórico legítimo,"Preservado; registro da rodada ou etapa identificada, sem representar o aceite final.","""path"": ""data/interim/runs/20260911T204247182335Z_1ce60b65_phase5_compute_metrics/piloto.md"","
docs/evidencias/rodada_referencia_1_2_0.json,471,piloto,histórico legítimo,"Preservado; registro da rodada ou etapa identificada, sem representar o aceite final.","""path"": ""data/interim/runs/20260911T204423270513Z_1ce60b65_phase5_compute_metrics/piloto.md"","
docs/evidencias/rodada_referencia_1_2_0.md,25,piloto,histórico legítimo,"Preservado; registro da rodada ou etapa identificada, sem representar o aceite final.",| 20260911T204006043225Z_1ce60b65_phase5_compute_metrics | ultralytics/ultralytics | data/interim/runs/20260911T204006043225Z_1ce60b65_phase5_compute_metrics/piloto.md | 5991594fe2045f4cff841c385b515c0f8f0df7640762f37898b5e0533b12341e | 2026-09-11T20:40:09.273178Z |
docs/evidencias/rodada_referencia_1_2_0.md,45,piloto,histórico legítimo,"Preservado; registro da rodada ou etapa identificada, sem representar o aceite final.",| 20260911T204247182335Z_1ce60b65_phase5_compute_metrics | pymc-labs/pymc-marketing | data/interim/runs/20260911T204247182335Z_1ce60b65_phase5_compute_metrics/piloto.md | 504f075df71e9b33f3e64f3ba11e6a511a82c6c32294c2e4d26b50196e15e0d1 | 2026-09-11T20:42:50.231428Z |
docs/evidencias/rodada_referencia_1_2_0.md,65,piloto,histórico legítimo,"Preservado; registro da rodada ou etapa identificada, sem representar o aceite final.",| 20260911T204423270513Z_1ce60b65_phase5_compute_metrics | open-edge-platform/anomalib | data/interim/runs/20260911T204423270513Z_1ce60b65_phase5_compute_metrics/piloto.md | a3da5fa0559964b1da715f02217e10571eec45f69d0d68b7d813b190c3050165 | 2026-09-11T20:44:26.447606Z |
docs/evidencias/taxonomia_dm026_preparacao.json,22,pending,histórico legítimo,"Preservado; registro da rodada ou etapa identificada, sem representar o aceite final.","""status"": ""pending_human_review"","
docs/evidencias/validacao_atual.txt,20,pilot_metrics,histórico legítimo,"Preservado; registro da rodada ou etapa identificada, sem representar o aceite final.",tests/test_pilot_metrics.py ..................                           [ 27%]
docs/evidencias/validacao_atual.txt,21,pilot_pipeline,histórico legítimo,"Preservado; registro da rodada ou etapa identificada, sem representar o aceite final.",tests/test_pilot_pipeline.py .....                                       [ 30%]
docs/evidencias/validacao_atual.txt,47,pilot,histórico legítimo,"Preservado; registro da rodada ou etapa identificada, sem representar o aceite final.","src/mlops_traceability/pilot.py                          231     16    93%   119, 125, 127, 130-132, 134, 220, 227, 249, 255, 277, 287, 350-352, 359"
docs/evidencias/validacao_dm026.txt,20,pilot_metrics,histórico legítimo,"Preservado; registro da rodada ou etapa identificada, sem representar o aceite final.",tests/test_pilot_metrics.py ..................                           [ 14%]
docs/evidencias/validacao_dm026.txt,21,pilot_pipeline,histórico legítimo,"Preservado; registro da rodada ou etapa identificada, sem representar o aceite final.",tests/test_pilot_pipeline.py .....                                       [ 16%]
docs/evidencias/validacao_dm026.txt,55,pilot,histórico legítimo,"Preservado; registro da rodada ou etapa identificada, sem representar o aceite final.","src/mlops_traceability/pilot.py                          231     16    93%   119, 125, 127, 130-132, 134, 220, 227, 249, 255, 277, 287, 350-352, 359"
docs/evidencias/validacao_dm027.txt,20,pilot_metrics,histórico legítimo,"Preservado; registro da rodada ou etapa identificada, sem representar o aceite final.",tests/test_pilot_metrics.py ..................                           [ 13%]
docs/evidencias/validacao_dm027.txt,21,pilot_pipeline,histórico legítimo,"Preservado; registro da rodada ou etapa identificada, sem representar o aceite final.",tests/test_pilot_pipeline.py .....                                       [ 15%]
docs/evidencias/validacao_dm027.txt,56,pilot,histórico legítimo,"Preservado; registro da rodada ou etapa identificada, sem representar o aceite final.","src/mlops_traceability/pilot.py                          231     16    93%   119, 125, 127, 130-132, 134, 220, 227, 249, 255, 277, 287, 350-352, 359"
docs/evidencias/validacao_finalizador_incremento_05.txt,25,pilot_metrics,histórico legítimo,"Preservado; registro da rodada ou etapa identificada, sem representar o aceite final.",tests/test_pilot_metrics.py ..................                           [ 14%]
docs/evidencias/validacao_finalizador_incremento_05.txt,26,pilot_pipeline,histórico legítimo,"Preservado; registro da rodada ou etapa identificada, sem representar o aceite final.",tests/test_pilot_pipeline.py .....                                       [ 16%]
docs/evidencias/validacao_finalizador_incremento_05.txt,60,pilot,histórico legítimo,"Preservado; registro da rodada ou etapa identificada, sem representar o aceite final.","src/mlops_traceability/pilot.py                          231     16    93%   119, 125, 127, 130-132, 134, 220, 227, 249, 255, 277, 287, 350-352, 359"
docs/evidencias/validacao_reprocessamento_incremento_03.txt,20,pilot_metrics,histórico legítimo,"Preservado; registro da rodada ou etapa identificada, sem representar o aceite final.",tests/test_pilot_metrics.py ..................                           [ 18%]
docs/evidencias/validacao_reprocessamento_incremento_03.txt,21,pilot_pipeline,histórico legítimo,"Preservado; registro da rodada ou etapa identificada, sem representar o aceite final.",tests/test_pilot_pipeline.py .....                                       [ 21%]
docs/evidencias/validacao_reprocessamento_incremento_03.txt,52,pilot,histórico legítimo,"Preservado; registro da rodada ou etapa identificada, sem representar o aceite final.","src/mlops_traceability/pilot.py                          231     16    93%   119, 125, 127, 130-132, 134, 220, 227, 249, 255, 277, 287, 350-352, 359"
docs/evidencias/validacao_selecao_incremento_04.txt,20,pilot_metrics,histórico legítimo,"Preservado; registro da rodada ou etapa identificada, sem representar o aceite final.",tests/test_pilot_metrics.py ..................                           [ 15%]
docs/evidencias/validacao_selecao_incremento_04.txt,21,pilot_pipeline,histórico legítimo,"Preservado; registro da rodada ou etapa identificada, sem representar o aceite final.",tests/test_pilot_pipeline.py .....                                       [ 17%]
docs/evidencias/validacao_selecao_incremento_04.txt,54,pilot,histórico legítimo,"Preservado; registro da rodada ou etapa identificada, sem representar o aceite final.","src/mlops_traceability/pilot.py                          231     16    93%   119, 125, 127, 130-132, 134, 220, 227, 249, 255, 277, 287, 350-352, 359"
docs/evidencias/validacao_verificacao.txt,20,pilot_metrics,histórico legítimo,"Preservado; registro da rodada ou etapa identificada, sem representar o aceite final.",tests/test_pilot_metrics.py ..................                           [ 21%]
docs/evidencias/validacao_verificacao.txt,21,pilot_pipeline,histórico legítimo,"Preservado; registro da rodada ou etapa identificada, sem representar o aceite final.",tests/test_pilot_pipeline.py .....                                       [ 24%]
docs/evidencias/validacao_verificacao.txt,50,pilot,histórico legítimo,"Preservado; registro da rodada ou etapa identificada, sem representar o aceite final.","src/mlops_traceability/pilot.py                          231     16    93%   119, 125, 127, 130-132, 134, 220, 227, 249, 255, 277, 287, 350-352, 359"
docs/evidencias/validacao_verificacao_incremento_02.txt,20,pilot_metrics,histórico legítimo,"Preservado; registro da rodada ou etapa identificada, sem representar o aceite final.",tests/test_pilot_metrics.py ..................                           [ 18%]
docs/evidencias/validacao_verificacao_incremento_02.txt,21,pilot_pipeline,histórico legítimo,"Preservado; registro da rodada ou etapa identificada, sem representar o aceite final.",tests/test_pilot_pipeline.py .....                                       [ 21%]
docs/evidencias/validacao_verificacao_incremento_02.txt,52,pilot,histórico legítimo,"Preservado; registro da rodada ou etapa identificada, sem representar o aceite final.","src/mlops_traceability/pilot.py                          231     16    93%   119, 125, 127, 130-132, 134, 220, 227, 249, 255, 277, 287, 350-352, 359"
docs/evidencias/verificacao_empirica_incremento_02.json,24,scientific_result_accepted,histórico legítimo,"Preservado; registro da rodada ou etapa identificada, sem representar o aceite final.","""scientific_result_accepted"": false,"
docs/evidencias/verificacao_empirica_incremento_02.json,34,Pending,histórico legítimo,"Preservado; registro da rodada ou etapa identificada, sem representar o aceite final.","""method"": ""Pending implementation or evidence"","
docs/evidencias/verificacao_empirica_incremento_02.json,52,Pending,histórico legítimo,"Preservado; registro da rodada ou etapa identificada, sem representar o aceite final.","""method"": ""Pending implementation or evidence"","
docs/evidencias/verificacao_empirica_incremento_02.json,73,Pending,histórico legítimo,"Preservado; registro da rodada ou etapa identificada, sem representar o aceite final.","""method"": ""Pending implementation or evidence"","
docs/evidencias/verificacao_empirica_incremento_02.json,143,Pending,histórico legítimo,"Preservado; registro da rodada ou etapa identificada, sem representar o aceite final.","""method"": ""Pending implementation or evidence"","
docs/evidencias/verificacao_empirica_incremento_02.json,151,Pending,histórico legítimo,"Preservado; registro da rodada ou etapa identificada, sem representar o aceite final.","""method"": ""Pending implementation or evidence"","
docs/evidencias/verificacao_empirica_incremento_02.json,159,Pending,histórico legítimo,"Preservado; registro da rodada ou etapa identificada, sem representar o aceite final.","""method"": ""Pending implementation or evidence"","
docs/evidencias/verificacao_empirica_incremento_03.json,5,scientific_result_accepted,histórico legítimo,"Preservado; registro da rodada ou etapa identificada, sem representar o aceite final.","""scientific_result_accepted"": false,"
docs/evidencias/verificacao_empirica_incremento_03.json,53,Pending,histórico legítimo,"Preservado; registro da rodada ou etapa identificada, sem representar o aceite final.","""method"": ""Pending implementation or evidence"","
docs/evidencias/verificacao_empirica_incremento_03.json,71,Pending,histórico legítimo,"Preservado; registro da rodada ou etapa identificada, sem representar o aceite final.","""method"": ""Pending implementation or evidence"","
docs/evidencias/verificacao_empirica_incremento_03.json,92,Pending,histórico legítimo,"Preservado; registro da rodada ou etapa identificada, sem representar o aceite final.","""method"": ""Pending implementation or evidence"","
docs/evidencias/verificacao_empirica_incremento_03.json,162,Pending,histórico legítimo,"Preservado; registro da rodada ou etapa identificada, sem representar o aceite final.","""method"": ""Pending implementation or evidence"","
docs/evidencias/verificacao_empirica_incremento_03.json,170,Pending,histórico legítimo,"Preservado; registro da rodada ou etapa identificada, sem representar o aceite final.","""method"": ""Pending implementation or evidence"","
docs/evidencias/verificacao_empirica_incremento_03.json,178,Pending,histórico legítimo,"Preservado; registro da rodada ou etapa identificada, sem representar o aceite final.","""method"": ""Pending implementation or evidence"","
docs/evidencias/verificacao_empirica_incremento_04.json,6,scientific_result_accepted,histórico legítimo,"Preservado; registro da rodada ou etapa identificada, sem representar o aceite final.","""scientific_result_accepted"": false,"
docs/evidencias/verificacao_empirica_incremento_04.json,40,Pending,histórico legítimo,"Preservado; registro da rodada ou etapa identificada, sem representar o aceite final.","""method"": ""Pending implementation or evidence"","
docs/evidencias/verificacao_empirica_incremento_04.json,54,Pending,histórico legítimo,"Preservado; registro da rodada ou etapa identificada, sem representar o aceite final.","""method"": ""Pending implementation or evidence"","
docs/evidencias/verificacao_empirica_incremento_04.json,71,Pending,histórico legítimo,"Preservado; registro da rodada ou etapa identificada, sem representar o aceite final.","""method"": ""Pending implementation or evidence"","
docs/evidencias/verificacao_empirica_incremento_04.json,140,Pending,histórico legítimo,"Preservado; registro da rodada ou etapa identificada, sem representar o aceite final.","""method"": ""Pending implementation or evidence"","
docs/evidencias/verificacao_empirica_incremento_04.json,146,Pending,histórico legítimo,"Preservado; registro da rodada ou etapa identificada, sem representar o aceite final.","""method"": ""Pending implementation or evidence"","
docs/evidencias/verificacao_empirica_incremento_04.json,392,piloto,histórico legítimo,"Preservado; registro da rodada ou etapa identificada, sem representar o aceite final.","""data/interim/runs/20260908T003846750404Z_43a2dae0_phase5_compute_metrics/piloto.md"": ""61f7a0afced96af3eaa746793184342d9b99db21c6d958de0f9385931a123dc1"","
docs/evidencias/verificacao_empirica_incremento_04.json,412,piloto,histórico legítimo,"Preservado; registro da rodada ou etapa identificada, sem representar o aceite final.","""data/interim/runs/20260909T144621249616Z_af5a0048_phase5_compute_metrics/piloto.md"": ""fd78d2fc52463b9f949c679cc4f21f02e679c5ce0242476630c2feedc95eb89e"","
docs/evidencias/verificacao_empirica_incremento_04.json,432,piloto,histórico legítimo,"Preservado; registro da rodada ou etapa identificada, sem representar o aceite final.","""data/interim/runs/20260908T004255518258Z_43a2dae0_phase5_compute_metrics/piloto.md"": ""d4736f69b97ebd1240c7f91437f38a38ed8b83ac5e818c62b9baac1f593306bd"","
docs/evidencias/verificacao_incremento_01.json,7,scientific_result_accepted,histórico legítimo,"Preservado; registro da rodada ou etapa identificada, sem representar o aceite final.","""scientific_result_accepted"": false,"
scripts/01_search_candidates.py,208,aguarda,histórico legítimo,"Preservado; identificador, contrato, estado condicional ou fixture, sem declaração de estado corrente.","""rate_limit_wait"": ""Cota de busca reservada; aguardando renovação"","
scripts/02_screen_sample.py,276,aguarda,histórico legítimo,"Preservado; identificador, contrato, estado condicional ou fixture, sem declaração de estado corrente.","""Cota core reservada; aguardando renovação coordenada"","
scripts/02_screen_sample.py,766,pending,histórico legítimo,"Preservado; identificador, contrato, estado condicional ou fixture, sem declaração de estado corrente.","pending_candidates=len(candidates) - len(existing_rows),"
scripts/03_clone_repos.py,3,pilot,histórico legítimo,"Preservado; identificador, contrato, estado condicional ou fixture, sem declaração de estado corrente.",from mlops_traceability.pilot import run_stage
scripts/04_mine_commits.py,3,pilot,histórico legítimo,"Preservado; identificador, contrato, estado condicional ou fixture, sem declaração de estado corrente.",from mlops_traceability.pilot import run_stage
scripts/05_compute_metrics.py,3,pilot,histórico legítimo,"Preservado; identificador, contrato, estado condicional ou fixture, sem declaração de estado corrente.",from mlops_traceability.pilot import run_stage
scripts/collect_pr_map.py,19,pilot,histórico legítimo,"Preservado; identificador, contrato, estado condicional ou fixture, sem declaração de estado corrente.",from mlops_traceability.pilot import write_json
src/mlops_traceability/metrics_gqm.py,1,pilot,histórico legítimo,"Preservado; identificador, contrato, estado condicional ou fixture, sem declaração de estado corrente.","""""""Contracted pilot metrics; unavailable evidence never becomes a numeric zero."""""""
src/mlops_traceability/metrics_gqm.py,61,pending,histórico legítimo,"Preservado; identificador, contrato, estado condicional ou fixture, sem declaração de estado corrente.","""validation_status"": ""pending_human_validation"","
src/mlops_traceability/pilot.py,1,pilot,histórico legítimo,"Preservado; identificador, contrato, estado condicional ou fixture, sem declaração de estado corrente.","""""""Reusable stage plumbing, frozen inputs and immutable pilot provenance."""""""
src/mlops_traceability/pilot.py,170,pilot,histórico legítimo,"Preservado; identificador, contrato, estado condicional ou fixture, sem declaração de estado corrente.","""""""Preserve exact work-in-progress code used by a development pilot."""""""
src/mlops_traceability/pilot.py,188,Piloto,histórico legítimo,"Preservado; identificador, contrato, estado condicional ou fixture, sem declaração de estado corrente.","""--allow-dirty"", action=""store_true"", help=""Piloto preliminar com snapshot do código."""
src/mlops_traceability/pilot.py,213,pilot,histórico legítimo,"Preservado; identificador, contrato, estado condicional ou fixture, sem declaração de estado corrente.","""Scientific run requires clean worktree; use --allow-dirty for preliminary pilot."""
src/mlops_traceability/pilot.py,222,pilot,histórico legítimo,"Preservado; identificador, contrato, estado condicional ou fixture, sem declaração de estado corrente.","if len(selected) != 1 or sample[""status""] not in {""pilot"", ""final""}:"
src/mlops_traceability/pilot.py,223,pilot,histórico legítimo,"Preservado; identificador, contrato, estado condicional ou fixture, sem declaração de estado corrente.","raise ValueError(""Repository not authorized for pilot/final selection"")"
src/mlops_traceability/pilot.py,319,piloto,histórico legítimo,"Preservado; identificador, contrato, estado condicional ou fixture, sem declaração de estado corrente.","artifacts[""report""] = directory / ""piloto.md"""
src/mlops_traceability/pilot.py,321,Piloto,histórico legítimo,"Preservado; identificador, contrato, estado condicional ou fixture, sem declaração de estado corrente.","f""# Piloto {args.repository}"","
src/mlops_traceability/pilot.py,325,pendente,histórico legítimo,"Preservado; identificador, contrato, estado condicional ou fixture, sem declaração de estado corrente.","""Resultados preliminares; validação humana da taxonomia pendente."","
src/mlops_traceability/pilot.py,352,pilot,histórico legítimo,"Preservado; identificador, contrato, estado condicional ou fixture, sem declaração de estado corrente.","raise ValueError(f""Unsupported pilot stage: {stage}"")"
src/mlops_traceability/pilot.py,385,pilot,histórico legítimo,"Preservado; identificador, contrato, estado condicional ou fixture, sem declaração de estado corrente.","""sample_status"": ""pilot"","
src/mlops_traceability/pilot.py,386,pending,histórico legítimo,"Preservado; identificador, contrato, estado condicional ou fixture, sem declaração de estado corrente.","""measurement_validation_status"": ""pending"","
src/mlops_traceability/pilot.py,387,academic_alignment_status; pending,histórico legítimo,"Preservado; identificador, contrato, estado condicional ou fixture, sem declaração de estado corrente.","""academic_alignment_status"": ""pending"","
src/mlops_traceability/pr_mapping.py,36,pending,histórico legítimo,"Preservado; identificador, contrato, estado condicional ou fixture, sem declaração de estado corrente.","""reviewer"": ""Automated GitHub GraphQL collection; human review pending"","
src/mlops_traceability/sample_screen.py,1001,pending,histórico legítimo,"Preservado; identificador, contrato, estado condicional ou fixture, sem declaração de estado corrente.",pending = [
src/mlops_traceability/sample_screen.py,1024,pending,histórico legítimo,"Preservado; identificador, contrato, estado condicional ou fixture, sem declaração de estado corrente.",for candidate in pending:
src/mlops_traceability/sample_screen.py,1033,pending,histórico legítimo,"Preservado; identificador, contrato, estado condicional ou fixture, sem declaração de estado corrente.","futures = {executor.submit(process, candidate): candidate for candidate in pending}"
src/mlops_traceability/study.py,22,pilot,histórico legítimo,"Preservado; identificador, contrato, estado condicional ou fixture, sem declaração de estado corrente.","from mlops_traceability.pilot import audit_collection, snapshot_source, write_csv, write_json"
src/mlops_traceability/study.py,116,pending,histórico legítimo,"Preservado; identificador, contrato, estado condicional ou fixture, sem declaração de estado corrente.","""preparation_by"": ""Automated technical preparation; human review pending"","
src/mlops_traceability/study.py,137,pending,histórico legítimo,"Preservado; identificador, contrato, estado condicional ou fixture, sem declaração de estado corrente.","""status"": ""pending"","
src/mlops_traceability/study.py,344,pendentes,histórico legítimo,"Preservado; identificador, contrato, estado condicional ou fixture, sem declaração de estado corrente.","""Revisão humana e integração interpretativa pendentes.\n"""
src/mlops_traceability/study.py,479,pendentes,histórico legítimo,"Preservado; identificador, contrato, estado condicional ou fixture, sem declaração de estado corrente.","""## Limitações e perguntas pendentes"","
src/mlops_traceability/study.py,495,pending,histórico legítimo,"Preservado; identificador, contrato, estado condicional ou fixture, sem declaração de estado corrente.",pending = list(sources)
src/mlops_traceability/study.py,497,pending,histórico legítimo,"Preservado; identificador, contrato, estado condicional ou fixture, sem declaração de estado corrente.",while pending:
src/mlops_traceability/study.py,498,pending,histórico legítimo,"Preservado; identificador, contrato, estado condicional ou fixture, sem declaração de estado corrente.",source = pending.pop()
src/mlops_traceability/study.py,507,pending,histórico legítimo,"Preservado; identificador, contrato, estado condicional ou fixture, sem declaração de estado corrente.","pending.extend(execution[""sources""])"
src/mlops_traceability/study.py,544,scientific_result_accepted,histórico legítimo,"Preservado; identificador, contrato, estado condicional ou fixture, sem declaração de estado corrente.","""scientific_result_accepted"": False,"
src/mlops_traceability/study.py,545,pending,histórico legítimo,"Preservado; identificador, contrato, estado condicional ou fixture, sem declaração de estado corrente.","""pending_criteria"": [""G14"", ""G15""],"
src/mlops_traceability/study.py,695,pending,histórico legítimo,"Preservado; identificador, contrato, estado condicional ou fixture, sem declaração de estado corrente.","(sample_ok, ""case_selection_pending_or_ineligible""),"
src/mlops_traceability/study.py,697,pending,histórico legítimo,"Preservado; identificador, contrato, estado condicional ou fixture, sem declaração de estado corrente.","(academic_ok, ""academic_alignment_pending""),"
src/mlops_traceability/study.py,699,pending,histórico legítimo,"Preservado; identificador, contrato, estado condicional ou fixture, sem declaração de estado corrente.","(coding_ok and qualitative_valid, ""qualitative_review_or_selection_pending""),"
src/mlops_traceability/study.py,706,scientific_result_accepted,histórico legítimo,"Preservado; identificador, contrato, estado condicional ou fixture, sem declaração de estado corrente.","""scientific_result_accepted"": False,"
src/mlops_traceability/study.py,709,pending,histórico legítimo,"Preservado; identificador, contrato, estado condicional ou fixture, sem declaração de estado corrente.","""sample_status"": ""accepted"" if sample_ok else ""pending"","
src/mlops_traceability/study.py,710,pending,histórico legítimo,"Preservado; identificador, contrato, estado condicional ou fixture, sem declaração de estado corrente.","""measurement_validation_status"": ""accepted"" if receipt_ok and metrics_valid else ""pending"","
src/mlops_traceability/study.py,711,academic_alignment_status; pending,histórico legítimo,"Preservado; identificador, contrato, estado condicional ou fixture, sem declaração de estado corrente.","""academic_alignment_status"": ""accepted"" if academic_ok else ""pending"","
src/mlops_traceability/study.py,712,pending,histórico legítimo,"Preservado; identificador, contrato, estado condicional ou fixture, sem declaração de estado corrente.","""qualitative_status"": ""accepted"" if coding_ok and qualitative_valid else ""pending"","
src/mlops_traceability/study.py,930,scientific_result_accepted,histórico legítimo,"Preservado; identificador, contrato, estado condicional ou fixture, sem declaração de estado corrente.","accepted = result[""scientific_result_accepted""]"
src/mlops_traceability/study.py,939,pending,histórico legítimo,"Preservado; identificador, contrato, estado condicional ou fixture, sem declaração de estado corrente.","else ""pending"","
src/mlops_traceability/study.py,940,scientific_result_accepted,histórico legítimo,"Preservado; identificador, contrato, estado condicional ou fixture, sem declaração de estado corrente.","""scientific_result_accepted"": accepted,"
src/mlops_traceability/study.py,944,scientific_result_accepted,histórico legítimo,"Preservado; identificador, contrato, estado condicional ou fixture, sem declaração de estado corrente.","list(metrics[0]) + [""validation_receipt_run_id"", ""scientific_result_accepted""]"
src/mlops_traceability/study.py,946,scientific_result_accepted,histórico legítimo,"Preservado; identificador, contrato, estado condicional ou fixture, sem declaração de estado corrente.","else [""metric_id"", ""validation_status"", ""scientific_result_accepted""],"
src/mlops_traceability/study.py,971,scientific_result_accepted,histórico legítimo,"Preservado; identificador, contrato, estado condicional ou fixture, sem declaração de estado corrente.","""scientific_result_accepted"": False,"
src/mlops_traceability/study.py,973,pending,histórico legítimo,"Preservado; identificador, contrato, estado condicional ou fixture, sem declaração de estado corrente.","""sample_status"": ""pending"","
src/mlops_traceability/study.py,974,pending,histórico legítimo,"Preservado; identificador, contrato, estado condicional ou fixture, sem declaração de estado corrente.","""measurement_validation_status"": ""pending"","
src/mlops_traceability/study.py,975,academic_alignment_status; pending,histórico legítimo,"Preservado; identificador, contrato, estado condicional ou fixture, sem declaração de estado corrente.","""academic_alignment_status"": ""pending"","
src/mlops_traceability/study.py,987,scientific_result_accepted,histórico legítimo,"Preservado; identificador, contrato, estado condicional ou fixture, sem declaração de estado corrente.","""scientific_result_accepted"": accepted if stage == ""phase9_finalize_study"" else False,"
src/mlops_traceability/verification/finalization.py,121,scientific_result_accepted,histórico legítimo,"Preservado; identificador, contrato, estado condicional ou fixture, sem declaração de estado corrente.","if receipt[""scientific_result_accepted""] is not False:"
src/mlops_traceability/verification/finalization.py,152,scientific_result_accepted,histórico legítimo,"Preservado; identificador, contrato, estado condicional ou fixture, sem declaração de estado corrente.","""scientific_result_accepted"": False,"
src/mlops_traceability/verification/provenance.py,58,pending,histórico legítimo,"Preservado; identificador, contrato, estado condicional ou fixture, sem declaração de estado corrente.","if mode == ""draft_pending_confirmation"":"
src/mlops_traceability/verification/release.py,160,pending,histórico legítimo,"Preservado; identificador, contrato, estado condicional ou fixture, sem declaração de estado corrente.","if result.get(""review_mode"") == ""draft_pending_confirmation"":"
src/mlops_traceability/verification/release.py,225,scientific_result_accepted,histórico legítimo,"Preservado; identificador, contrato, estado condicional ou fixture, sem declaração de estado corrente.","scientific_result_accepted=False,"
src/mlops_traceability/verification/release.py,461,scientific_result_accepted,histórico legítimo,"Preservado; identificador, contrato, estado condicional ou fixture, sem declaração de estado corrente.","scientific_result_accepted=not errors,"
src/mlops_traceability/verification/reviews.py,296,scientific_result_accepted,histórico legítimo,"Preservado; identificador, contrato, estado condicional ou fixture, sem declaração de estado corrente.","""scientific_result_accepted"": False,"
src/mlops_traceability/verification/runner.py,21,pilot,histórico legítimo,"Preservado; identificador, contrato, estado condicional ou fixture, sem declaração de estado corrente.",from mlops_traceability.pilot import audit_collection
src/mlops_traceability/verification/runner.py,142,scientific_result_accepted,histórico legítimo,"Preservado; identificador, contrato, estado condicional ou fixture, sem declaração de estado corrente.","""scientific_result_accepted"": False,"
src/mlops_traceability/verification/runner.py,165,Pending,histórico legítimo,"Preservado; identificador, contrato, estado condicional ou fixture, sem declaração de estado corrente.","method=""Pending implementation or evidence"","
src/mlops_traceability/verification/runner.py,491,scientific_result_accepted,histórico legítimo,"Preservado; identificador, contrato, estado condicional ou fixture, sem declaração de estado corrente.","contract: dict[str, Any] = {""binding_errors"": [], ""scientific_result_accepted"": False}"
tests/test_pilot_pipeline.py,16,pilot,histórico legítimo,"Preservado; identificador, contrato, estado condicional ou fixture, sem declaração de estado corrente.",from mlops_traceability.pilot import (
tests/test_pilot_pipeline.py,139,pilot,histórico legítimo,"Preservado; identificador, contrato, estado condicional ou fixture, sem declaração de estado corrente.","monkeypatch.setattr(""mlops_traceability.pilot.audit_collection"", lambda *_: {""verified"": True})"
tests/test_pr_mapping.py,42,pending,histórico legítimo,"Preservado; identificador, contrato, estado condicional ou fixture, sem declaração de estado corrente.","assert ""human review pending"" in found[""reviewer""]"
tests/test_screen_sample_script.py,513,pendente,histórico legítimo,"Preservado; identificador, contrato, estado condicional ou fixture, sem declaração de estado corrente.",# enquanto o candidato pendente continuar sem observação válida.
tests/test_study_contracts.py,19,pilot,histórico legítimo,"Preservado; identificador, contrato, estado condicional ou fixture, sem declaração de estado corrente.","from mlops_traceability.pilot import write_csv, write_json"
tests/test_study_contracts.py,363,scientific_result_accepted,histórico legítimo,"Preservado; identificador, contrato, estado condicional ou fixture, sem declaração de estado corrente.","assert not check()[""scientific_result_accepted""]"
tests/test_study_contracts.py,383,pending,histórico legítimo,"Preservado; identificador, contrato, estado condicional ou fixture, sem declaração de estado corrente.","academic[""status""] = ""pending"""
tests/test_study_pipeline.py,12,pilot_pipeline,histórico legítimo,"Preservado; identificador, contrato, estado condicional ou fixture, sem declaração de estado corrente.",from test_pilot_pipeline import project as project
tests/test_study_pipeline.py,13,pilot_pipeline,histórico legítimo,"Preservado; identificador, contrato, estado condicional ou fixture, sem declaração de estado corrente.",from test_pilot_pipeline import synthetic
tests/test_study_pipeline.py,18,pilot,histórico legítimo,"Preservado; identificador, contrato, estado condicional ou fixture, sem declaração de estado corrente.","from mlops_traceability.pilot import run_stage, source_artifact, write_csv, write_json"
tests/test_study_pipeline.py,41,pilot,histórico legítimo,"Preservado; identificador, contrato, estado condicional ou fixture, sem declaração de estado corrente.","monkeypatch.setattr(""mlops_traceability.pilot.audit_collection"", lambda *_: {""verified"": True})"
tests/test_study_pipeline.py,201,pending,histórico legítimo,"Preservado; identificador, contrato, estado condicional ou fixture, sem declaração de estado corrente.","""review_mode"": ""draft_pending_confirmation"","
tests/test_study_pipeline.py,257,scientific_result_accepted,histórico legítimo,"Preservado; identificador, contrato, estado condicional ou fixture, sem declaração de estado corrente.","not final[""scientific_result_accepted""]"
tests/test_study_pipeline.py,260,pending,histórico legítimo,"Preservado; identificador, contrato, estado condicional ou fixture, sem declaração de estado corrente.","assert ""academic_alignment_pending"" in final[""blocking_reasons""]"
tests/test_study_pipeline.py,363,scientific_result_accepted,histórico legítimo,"Preservado; identificador, contrato, estado condicional ou fixture, sem declaração de estado corrente.","(output / ""study_acceptance.json"").write_text('{""scientific_result_accepted"": false}')"
tests/test_study_pipeline.py,377,scientific_result_accepted,histórico legítimo,"Preservado; identificador, contrato, estado condicional ou fixture, sem declaração de estado corrente.","assert manifest[""scientific_result_accepted""] is False"
tests/test_study_pipeline.py,378,pending,histórico legítimo,"Preservado; identificador, contrato, estado condicional ou fixture, sem declaração de estado corrente.","assert manifest[""pending_criteria""] == [""G14"", ""G15""]"
tests/verification/test_contracts.py,10,pilot_pipeline,histórico legítimo,"Preservado; identificador, contrato, estado condicional ou fixture, sem declaração de estado corrente.",from test_pilot_pipeline import change
tests/verification/test_contracts.py,55,Pending,histórico legítimo,"Preservado; identificador, contrato, estado condicional ou fixture, sem declaração de estado corrente.","allowed_conclusion=""Pending verification"","
tests/verification/test_contracts.py,150,pending,histórico legítimo,"Preservado; identificador, contrato, estado condicional ou fixture, sem declaração de estado corrente.",def test_initial_catalog_and_criterion_matrix_remain_pending() -> None:
tests/verification/test_contracts.py,162,scientific_result_accepted,histórico legítimo,"Preservado; identificador, contrato, estado condicional ou fixture, sem declaração de estado corrente.","assert matrix[""scientific_result_accepted""] is False"
tests/verification/test_finalization.py,74,scientific_result_accepted,histórico legítimo,"Preservado; identificador, contrato, estado condicional ou fixture, sem declaração de estado corrente.","""scientific_result_accepted"": False,"
tests/verification/test_finalization.py,85,scientific_result_accepted,histórico legítimo,"Preservado; identificador, contrato, estado condicional ou fixture, sem declaração de estado corrente.","data[""scientific_result_accepted""] = True"
tests/verification/test_finalization.py,202,scientific_result_accepted,histórico legítimo,"Preservado; identificador, contrato, estado condicional ou fixture, sem declaração de estado corrente.","assert result[""candidate_eligible""] and result[""scientific_result_accepted""] is False"
tests/verification/test_oracles.py,13,pilot_metrics,histórico legítimo,"Preservado; identificador, contrato, estado condicional ou fixture, sem declaração de estado corrente.",from test_pilot_metrics import calculate
tests/verification/test_provenance.py,20,pending,histórico legítimo,"Preservado; identificador, contrato, estado condicional ou fixture, sem declaração de estado corrente.","""review_mode"": ""draft_pending_confirmation"","
tests/verification/test_release.py,39,pending,histórico legítimo,"Preservado; identificador, contrato, estado condicional ou fixture, sem declaração de estado corrente.","review_mode=""draft_pending_confirmation"","
tests/verification/test_release.py,190,scientific_result_accepted,histórico legítimo,"Preservado; identificador, contrato, estado condicional ou fixture, sem declaração de estado corrente.","assert result[""scientific_result_accepted""] is False"
tests/verification/test_release.py,371,scientific_result_accepted,histórico legítimo,"Preservado; identificador, contrato, estado condicional ou fixture, sem declaração de estado corrente.","assert result[""scientific_result_accepted""] is (mutation == ""none"")"
tests/verification/test_reviews.py,13,pilot_pipeline,histórico legítimo,"Preservado; identificador, contrato, estado condicional ou fixture, sem declaração de estado corrente.",from test_pilot_pipeline import project as project
tests/verification/test_reviews.py,19,pilot,histórico legítimo,"Preservado; identificador, contrato, estado condicional ou fixture, sem declaração de estado corrente.","from mlops_traceability.pilot import write_csv, write_json"
tests/verification/test_reviews.py,172,scientific_result_accepted,histórico legítimo,"Preservado; identificador, contrato, estado condicional ou fixture, sem declaração de estado corrente.","assert not receipt[""scientific_result_accepted""] and receipt[""scope""] == ""synthetic"""
tests/verification/test_runner.py,16,pilot,histórico legítimo,"Preservado; identificador, contrato, estado condicional ou fixture, sem declaração de estado corrente.","from mlops_traceability.pilot import write_csv, write_json"
tests/verification/test_runner.py,78,scientific_result_accepted,histórico legítimo,"Preservado; identificador, contrato, estado condicional ou fixture, sem declaração de estado corrente.","assert receipt[""scope""] == ""synthetic"" and not receipt[""scientific_result_accepted""]"
tests/verification/test_runner.py,97,scientific_result_accepted,histórico legítimo,"Preservado; identificador, contrato, estado condicional ou fixture, sem declaração de estado corrente.","assert not bad_pr[""scientific_result_accepted""]"
tests/verification/test_selection_oracle.py,13,pilot,histórico legítimo,"Preservado; identificador, contrato, estado condicional ou fixture, sem declaração de estado corrente.",from mlops_traceability.pilot import write_json
tests/verification/test_source_oracles.py,13,pilot_pipeline,histórico legítimo,"Preservado; identificador, contrato, estado condicional ou fixture, sem declaração de estado corrente.","from test_pilot_pipeline import change, synthetic"
tools/confirmar_revisao.py,102,scientific_result_accepted,histórico legítimo,"Preservado; identificador, contrato, estado condicional ou fixture, sem declaração de estado corrente.","return 0 if final[""scientific_result_accepted""] else 1"
tools/exportar_documentacao.py,49,scientific_result_accepted,histórico legítimo,"Preservado; identificador, contrato, estado condicional ou fixture, sem declaração de estado corrente.","""scientific_result_accepted"": False,"
